Value,"County, State"
1791.995377,"St. Louis City, MO"
1754.914968,"Crittenden, AR"
1664.700485,"Alexander, IL"
1456.31068,"Kenedy, TX"
1447.40243,"De Soto, LA"
1419.5375689999996,"Baltimore City, MD"
1315.0037519999996,"Shelby, TN"
1253.437132,"Marlboro, SC"
1217.656012,"Storey, NV"
1216.801325,"District Of Columbia, DC"
1165.583272,"Dillon, SC"
1163.145839,"Scott, MO"
1150.29633,"Philadelphia, PA"
1148.756725,"Pershing, NV"
1140.226324,"Greenwood, SC"
1138.4238300000004,"Madison, TN"
1129.513728,"Davidson, TN"
1083.508119,"Marion, IN"
1065.188284,"Wayne, MI"
1026.623686,"Jackson, MO"
1014.964216,"Northwest Arctic, AK"
998.7095326,"Pemiscot, MO"
974.0162436,"Iberville, LA"
959.9165822999997,"Pulaski, AR"
959.1343197999997,"Jefferson, AR"
956.1771347,"Miller, AR"
954.4400666,"Muskogee, OK"
953.9310095,"Barnwell, SC"
952.8593755,"Tangipahoa, LA"
941.6313295,"Marion, SC"
938.1237525,"Dillingham Census Area, AK"
930.4176661,"Dougherty, GA"
930.0694974,"Carter, OK"
922.7783984,"Genesee, MI"
919.341731,"Macon, AL"
912.6349471,"Milwaukee, WI"
911.4452882000003,"Richland, SC"
911.2461105,"Grundy, TN"
903.4766697,"Greene, AL"
892.8571429,"Rock, MN"
887.1644385,"San Joaquin, CA"
873.5225606,"Pottawattamie, IA"
871.1844117999998,"Nolan, TX"
856.0311284,"Kodiak Island, AK"
854.9331535,"Winnebago, IL"
831.2342903,"Suffolk, MA"
828.830479,"Saginaw, MI"
828.6503477000001,"Dallas, AL"
826.1767583,"Fulton, GA"
824.7217146,"Anchorage Municipality, AK"
822.2981632,"Madison, FL"
818.6675817,"Phillips, AR"
817.9969369,"Sangamon, IL"
812.1158911,"Haywood, TN"
810.9662621,"Lucas, OH"
809.8427036,"Robeson, NC"
805.8945428999998,"Meade, KS"
798.51676,"Escambia, FL"
798.3574913,"Jefferson, AL"
793.3756981,"Nicholas, WV"
793.2402137999999,"Franklin, FL"
782.1542957,"St. Clair, IL"
782.1184796,"Orleans, LA"
781.9089826000002,"Ector, TX"
777.2585293,"Avoyelles, LA"
773.7920330000002,"Rapides, LA"
767.644257,"Sumter, SC"
766.7864603999999,"Comanche, OK"
763.9897241,"Mississippi, AR"
762.1467132,"Colleton, SC"
754.3456871000002,"Modoc, CA"
753.6935735000002,"Alameda, CA"
752.455044,"Sumter, GA"
746.3016117999998,"Darlington, SC"
742.0733078,"Red River, LA"
740.6920961,"Lubbock, TX"
739.3084622,"Socorro, NM"
738.8316151,"Duval, TX"
738.4818924,"Bernalillo, NM"
732.7796776,"Marion, TX"
730.3646372999998,"Lee, SC"
725.2206951000002,"Shasta, CA"
724.7580365,"Laurens, SC"
722.6925459,"North Slope, AK"
721.5219335,"Hinds, MS"
720.6877628999998,"Cibola, NM"
719.1412721,"Tulsa, OK"
717.8582747,"Putnam, FL"
710.8948399,"Jefferson, TX"
706.6572141,"Ohio, WV"
701.4217103999998,"San Francisco, CA"
699.9351912000002,"Bamberg, SC"
696.3544912000001,"Merced, CA"
696.1038338,"Harris, TX"
695.7773512,"Jim Wells, TX"
694.8738489,"Oklahoma, OK"
694.3307687999999,"Mckinley, NM"
693.1802269,"Mississippi, MO"
690.2502157,"Alpine, CA"
689.8666258,"Calhoun, GA"
688.2474551,"Dyer, TN"
685.1530769999998,"Clark, NV"
681.1689739,"Guadalupe, NM"
675.0828044,"San Juan, NM"
675.0616643,"Fairfield, SC"
673.8186009,"Mcdonald, MO"
673.754211,"Taylor, FL"
668.2847357999998,"Wayne, GA"
667.0754469,"East Baton Rouge, LA"
664.1948589,"Leon, FL"
663.1299735,"Lander, NV"
662.6310837,"Orange, FL"
661.2459265,"Leflore, MS"
659.9836619,"Essex, NJ"
658.9175982999999,"Peach, GA"
658.7270427,"Burke, GA"
658.496643,"Hamilton, TN"
656.0124347999998,"Miami-Dade, FL"
654.3979391,"Columbia, FL"
651.0862861,"Crockett, TN"
650.100146,"Lenoir, NC"
649.6395835,"Hempstead, AR"
646.2257665,"Hutchinson, TX"
644.9835135,"Richmond City, VA"
644.4593237,"Jefferson Davis, MS"
644.0599053,"Conecuh, AL"
639.3909155,"Morehouse, LA"
635.5530259999998,"Early, GA"
634.6263548,"Henderson, TN"
634.123325,"Richmond, NY"
634.0093435,"New York, NY"
633.9923403,"Jefferson, IL"
632.0428157,"Bronx, NY"
630.3962024,"Queens, NY"
630.2492642000002,"Kings, NY"
629.7229219,"Warren, GA"
628.8580653,"Nash, NC"
626.0118726,"Lauderdale, TN"
625.7222582,"Cocke, TN"
622.5464503,"Bowie, TX"
622.3049784,"Hampton, SC"
621.814203,"Hendry, FL"
621.5464156,"Duval, FL"
621.2408853,"Durham, NC"
620.7066615,"Greene, MO"
619.9802734,"Jefferson, FL"
618.6978385,"Escambia, AL"
617.6419817000002,"Horry, SC"
616.5739392,"Nueces, TX"
615.5337693,"Sedgwick, KS"
615.3956886,"Edgecombe, NC"
615.303861,"Montgomery, KS"
614.7822368,"Caddo, LA"
613.6278747,"Graham, AZ"
612.9051308999999,"Madera, CA"
612.5237549,"Sebastian, AR"
612.2359732000001,"Emanuel, GA"
610.3101467,"Camden, NJ"
609.9723385,"Nye, NV"
607.8019671,"Greenlee, AZ"
605.2451953,"Alachua, FL"
604.5117216,"Union, AR"
603.941007,"Peoria, IL"
603.3578173999998,"Madison, AL"
602.1686961,"Calhoun, MI"
601.8084495,"Williamsburg, SC"
601.6847172,"Roberts, TX"
600.895452,"Bradley, TN"
600.0807801,"Anderson, SC"
599.0808243,"Denver, CO"
598.5634477000001,"Chester, SC"
597.9631879,"Lowndes, AL"
597.6004743999998,"Willacy, TX"
596.6569350999998,"Cook, IL"
593.2458517000001,"Clark, IN"
592.9851123,"Dekalb, GA"
592.6303417,"Potter, TX"
591.1487457999998,"Arkansas, AR"
591.0895457,"Chicot, AR"
590.856781,"Cochise, AZ"
590.457901,"Wyandotte, KS"
590.1155643,"Turner, GA"
588.7879737000002,"Lake, CA"
588.0206009999998,"Luna, NM"
585.7833537,"Manatee, FL"
583.3274487000001,"Hampden, MA"
582.5583436000002,"Haralson, GA"
581.7888096,"New Castle, DE"
580.7976974,"Calhoun, AL"
580.1317417,"Jackson, IL"
579.2570797999998,"St. James, LA"
578.5625339,"Sullivan, TN"
577.3131534,"Greenville, SC"
577.2429312,"Concordia, LA"
576.7462264,"Jefferson, KY"
575.8432818,"Kern, CA"
575.2781772999998,"Clayton, GA"
572.6708732999998,"Plumas, CA"
572.6556908,"Emporia City, VA"
571.0538102,"Kershaw, SC"
570.6597383,"Mecosta, MI"
569.7787317000002,"Natchitoches, LA"
569.6670332,"Eddy, NM"
567.2493757,"Union, SC"
566.9428696,"West Carroll, LA"
565.1757149,"Vermilion, IL"
563.9848272999999,"Rio Arriba, NM"
562.7993899,"Cumberland, NC"
562.6092907000002,"Hardeman, TN"
562.2077466,"Independence, AR"
562.1649888999998,"St. Mary, LA"
562.0279843,"Chambers, AL"
561.3968313999999,"Tehama, CA"
560.7115236000002,"Brooks, GA"
560.2815072999998,"Champaign, IL"
559.4542867,"Glynn, GA"
559.3459955,"Petersburg City, VA"
558.2211677,"Norfolk City, VA"
557.9399142000002,"Henderson, IL"
557.9258287,"Sierra, CA"
557.8430070000002,"East Carroll, LA"
557.6679341,"Claiborne, TN"
556.9251355,"Mecklenburg, NC"
556.0937107999998,"Del Norte, CA"
555.679764,"Prince George'S, MD"
554.9178019999998,"Lafayette, LA"
554.7431702,"Butler, MO"
553.8507597,"Sumter, AL"
552.7632192000002,"Maury, TN"
552.3100664,"Mobile, AL"
551.2018597,"St. Landry, LA"
551.0639921000002,"Cumberland, NJ"
551.0599216,"Tift, GA"
550.6712247,"Pinellas, FL"
550.4493982999999,"Roanoke City, VA"
550.1382623,"Clarendon, SC"
549.9597405000002,"Chaves, NM"
549.2184199,"Quitman, GA"
549.080241,"Wicomico, MD"
547.6937429,"Sacramento, CA"
547.6516459,"Andrews, TX"
547.1073719999998,"Stanislaus, CA"
546.7734102000002,"Spalding, GA"
543.1643489,"Victoria, TX"
542.9200293,"St. Francis, AR"
542.2809693,"Wirt, WV"
540.6618899,"Halifax, NC"
539.8560384,"Jeff Davis, GA"
538.6947691,"Cecil, MD"
537.9223453,"Brevard, FL"
537.8731803999998,"Butler, AL"
536.6094754,"Montgomery, TN"
536.5518686,"Beaufort, SC"
535.9614638999999,"Forsyth, NC"
534.2980847,"Fresno, CA"
534.1880342000002,"Kent, DE"
533.9308933,"Howard, TX"
533.4331571,"Putnam, GA"
532.9385639999998,"Morgan, MO"
531.3252552,"Anson, NC"
530.8742806,"Allen, OH"
529.8013245,"Clinch, GA"
529.4705295,"Wilkes, GA"
529.2150075000002,"Muskegon, MI"
528.7814834,"Lincoln, WV"
528.2071265,"Gadsden, FL"
526.3652599,"Bullock, AL"
525.2143487,"Dauphin, PA"
525.1086432,"Hill, MT"
524.1693111999998,"Bibb, GA"
522.4662747,"Knox, TN"
522.2281735,"Vance, NC"
522.1046922,"Bryan, OK"
521.2349405,"Cuyahoga, OH"
520.7652823,"Taney, MO"
519.0092409,"Martin, NC"
517.7585449,"Mcminn, TN"
516.8284382,"Dallas, AR"
516.0390268,"Delaware, PA"
515.8306652,"Ward, TX"
515.5994096,"Gibson, TN"
515.394913,"Bristol, MA"
514.3580518,"Oconee, SC"
513.8024266,"Etowah, AL"
513.2659507000002,"Pontotoc, OK"
512.1085513,"Monroe, FL"
512.0126034,"Gonzales, TX"
511.8566801,"Abbeville, SC"
511.7270789,"Galax City, VA"
508.2669933,"Dorchester, MD"
508.2108515,"Lawrence, PA"
508.1358835,"Ben Hill, GA"
508.081611,"Kings, CA"
508.01018210000007,"Baltimore, MD"
506.4229249,"Des Moines, IA"
505.9750826,"Okeechobee, FL"
504.6111014,"Lancaster, SC"
504.4560283,"Lee, IA"
504.3626086,"Calcasieu, LA"
503.6608315,"Randall, TX"
503.6395081,"St. Charles, LA"
501.7485176,"Baldwin, GA"
501.7002063,"Pueblo, CO"
501.1989465,"Cherokee, TX"
501.1476664,"Mcnairy, TN"
501.01378160000013,"Lea, NM"
497.9068882,"Franklin, AL"
497.5390541,"Geary, KS"
497.5365871,"Tallapoosa, AL"
497.4881725,"Dewitt, TX"
497.1797905,"Bay, FL"
496.87716860000006,"Scotland, NC"
496.55172410000006,"St. Helena, LA"
495.4867619,"Washington, LA"
495.2765294,"Calhoun, TX"
495.0770429,"Johnson, TN"
492.8949714,"Valencia, NM"
492.5868123,"Gregg, TX"
492.1965048,"Kleberg, TX"
490.7306434,"Sheridan, MT"
490.5731077,"Muscogee, GA"
490.4317723,"Nantucket, MA"
488.80885,"Decatur, TN"
488.4356659,"Osceola, FL"
488.3795741,"York, SC"
488.1703955,"Shawnee, KS"
486.9469842,"Pennington, SD"
485.4128135,"Ingham, MI"
484.2875592,"Cloud, KS"
484.1713222,"Bradford, FL"
483.3822237,"Douglas, NE"
482.3917828,"Colbert, AL"
481.7351959,"Passaic, NJ"
481.7081109,"Gray, TX"
481.2639676,"Portsmouth City, VA"
481.201655,"Monroe, AL"
480.54919910000007,"Union, NM"
480.14135360000006,"Hardin, TN"
480.0253898,"Clarke, AL"
480.0213343,"Pointe Coupee, LA"
479.0504791,"Crenshaw, AL"
479.01067699999993,"Marion, FL"
478.6575434,"Palm Beach, FL"
478.147697,"Pima, AZ"
477.46154400000006,"Multnomah, OR"
476.5056254,"Georgetown, SC"
476.2213997,"Chesterfield, SC"
475.6599246,"Crisp, GA"
473.593974,"Pottawatomie, OK"
471.9454641,"De Baca, NM"
471.6041182,"Calhoun, SC"
471.3687151,"Radford City, VA"
470.9480521,"Broward, FL"
470.6150977,"Raleigh, WV"
469.5000175,"San Miguel, NM"
469.2314875,"Muscatine, IA"
468.0187207,"Dimmit, TX"
466.80343710000005,"Lincoln, TN"
464.3699274,"Okaloosa, FL"
464.2467674,"Reno, KS"
464.1982529,"Decatur, GA"
462.948283,"Hamblen, TN"
462.7249357,"Mccurtain, OK"
462.49008,"Ramsey, MN"
462.4094173,"Tulare, CA"
462.1687364,"Ouachita, LA"
461.4239643,"Marengo, AL"
460.6525912,"Hampshire, WV"
460.5534903,"Clinton, IA"
460.4425287,"Barrow, GA"
459.3060294,"Erie, NY"
459.1712428,"Coffee, TN"
459.0022627,"Richmond, NC"
457.8507945,"Bourbon, KS"
457.4751144,"Atlantic, NJ"
457.3928607,"White Pine, NV"
457.297156,"Sussex, DE"
455.3653117,"Kanawha, WV"
454.9746759,"Meigs, TN"
454.9437385,"Richmond, GA"
454.3696829,"Iron, MO"
453.07960880000013,"Newberry, SC"
451.92457530000013,"Morris, TX"
451.83118139999993,"Florence, SC"
451.4750482,"Hunt, TX"
451.0147833,"Roosevelt, NM"
450.4504505,"Claiborne, LA"
450.35401950000005,"Canadian, OK"
450.0009657,"Schenectady, NY"
449.8940279,"Liberty, TX"
449.7776286,"Russell, AL"
449.4503709,"Inyo, CA"
447.9617739,"Saluda, SC"
447.8198245,"Lawrence, MO"
446.4587702,"Charlottesville City, VA"
445.8559141,"Hamilton, OH"
444.800814,"Los Angeles, CA"
444.6376217,"Mercer, NJ"
444.0822833,"Rutherford, TN"
443.9528471,"Walker, AL"
443.8191469,"Leavenworth, KS"
443.70103,"Scott, IA"
443.6932178,"Benton, MO"
443.3866032,"Putnam, TN"
442.965072,"Dallas, TX"
442.1108318,"Anne Arundel, MD"
441.7599337,"Guilford, NC"
441.7261298,"Iron, WI"
441.3265847,"Hudson, NJ"
440.2358045,"Jefferson, LA"
439.5706089,"Grenada, MS"
439.5389725,"Catahoula, LA"
438.0237622,"Franklin, OH"
436.59070589999993,"Alamance, NC"
435.9855789,"Madison, LA"
435.908775,"Gulf, FL"
435.2148459,"Monroe, TN"
435.15213330000006,"Randolph, WV"
435.1415259,"Monterey, CA"
434.82279010000013,"Washington, AR"
434.5753778,"Laclede, MO"
434.5697148,"Solano, CA"
434.0872744,"Wilbarger, TX"
433.2736477,"Sweetwater, WY"
432.9004329,"Hemphill, TX"
432.4902041,"San Bernardino, CA"
432.4465994,"Forest, PA"
432.2257134,"Tuscaloosa, AL"
432.2005514,"Berrien, MI"
431.6713503,"Desoto, FL"
431.3174256,"Spartanburg, SC"
431.3099042,"Volusia, FL"
431.06056849999993,"Bexar, TX"
430.9694898,"Worcester, MA"
430.1498709,"Wichita, TX"
430.075634,"Clay, AL"
430.0393826,"Black Hawk, IA"
429.3415113,"Webb, TX"
428.6734937,"Lawrence, TN"
428.3049688,"Pierce, WA"
427.3608042,"Polk, GA"
426.1933414,"Kent, MD"
425.36736270000006,"Cowley, KS"
425.3153513,"Barton, KS"
424.98937530000006,"Hockley, TX"
424.39675030000006,"Schoolcraft, MI"
423.8203218,"Webster, IA"
423.3337063,"Rusk, TX"
423.1225216,"Jackson, FL"
423.1073,"Warren, IL"
422.8587339,"Cumberland, TN"
421.76566439999993,"Stone, MO"
421.5652577,"Mclennan, TX"
421.5636178,"Trousdale, TN"
421.4149495,"Barnstable, MA"
421.101342,"Coffee, GA"
420.72048380000007,"Winkler, TX"
420.603132,"Wayne, NC"
419.5709549,"La Salle, LA"
419.1434233,"White, TN"
418.9944134,"Stonewall, TX"
418.9263794,"Tipton, TN"
418.8734225,"Brazos, TX"
418.1654367,"Dorchester, SC"
417.812281,"Finney, KS"
416.9871443,"Newport News City, VA"
416.673826,"Jasper, MO"
416.156389,"Tarrant, TX"
415.9829027,"Cherokee, AL"
415.9115503,"Cole, MO"
415.8336665,"Desha, AR"
415.1062582,"Hopewell City, VA"
414.68615710000006,"Lake, IN"
414.5499329,"Orangeburg, SC"
414.17395310000006,"Huerfano, CO"
413.929632,"Pike, AL"
413.2498224,"Polk, MO"
412.4278251,"Oglethorpe, GA"
411.319513,"Zavala, TX"
410.9534119,"Dale, AL"
410.9394927,"Dallam, TX"
410.5881274,"Mendocino, CA"
410.52078860000006,"Vernon, MO"
410.4094767,"Lassen, CA"
410.2097764,"Maricopa, AZ"
410.0842691,"Hennepin, MN"
409.4916311,"Allegheny, PA"
409.4835002,"Ellis, KS"
408.8605114,"Ware, GA"
408.7385483,"Childress, TX"
408.2509669,"Hidalgo, NM"
407.8085966,"Bartow, GA"
406.6012916,"Hardin, IL"
406.3157144,"Clay, FL"
405.8575111,"Elkhart, IN"
404.632565,"Washington, TN"
402.9457568,"Bell, TX"
402.5012578,"Cedar, MO"
402.3572772,"Charleston, SC"
402.1291476,"Camden, GA"
401.3652277,"Greene, TN"
401.2810125,"Houston, AL"
401.2016285,"Curry, NM"
400.6561842,"Contra Costa, CA"
400.406529,"Wilson, NC"
400.3299689,"Wharton, TX"
399.8873557,"Mariposa, CA"
399.5550961,"Montgomery, OH"
399.3963148,"Pitt, NC"
398.5435938,"La Paz, AZ"
398.4492785,"Monroe, PA"
398.1231338,"Fredericksburg City, VA"
398.0627612,"Massac, IL"
397.3657154,"Logan, WV"
396.6310625,"Montgomery, AL"
396.319399,"Lake, MT"
396.2938156,"Pulaski, MO"
395.6892392,"Kent, MI"
395.0684558,"Sequatchie, TN"
394.7583218,"Robertson, TN"
394.39684480000005,"Henry, MO"
394.1780398,"Clarke, GA"
394.172553,"Dunklin, MO"
393.958833,"St. Lucie, FL"
393.6715442,"Uvalde, TX"
393.6096319,"Franklin City, VA"
392.9086256,"New Haven, CT"
392.6701571,"Mcmullen, TX"
392.3449148,"Walker, TX"
392.296719,"Bacon, GA"
391.9844502,"Smith, TX"
391.9698038,"Warren, MS"
391.5279907,"New Hanover, NC"
391.4682939,"Harvey, KS"
391.43766360000006,"El Paso, TX"
388.9969436,"Garland, AR"
388.8696854,"Sierra, NM"
388.6010363,"Yuba, CA"
387.372803,"Henry, AL"
387.0468327,"Lincoln, GA"
386.9322429,"Clark, AR"
386.8179363,"Colquitt, GA"
386.5168539,"Roosevelt, MT"
386.3870031,"Santa Cruz, CA"
386.2384665,"Bienville, LA"
386.17105,"Macon, IL"
385.9636698000001,"Jennings, IN"
385.7287544,"Chatham, GA"
385.6815717,"Shannon, MO"
385.2618459,"Jackson, AL"
385.2132189,"Caddo, OK"
385.2080123,"Adams, IA"
385.1251267,"Liberty, GA"
383.6986222,"Panola, MS"
383.4339121,"Bedford, TN"
383.1029653,"Vermilion, LA"
382.6800995,"Buchanan, MO"
382.2650312,"Terrebonne, LA"
381.9753583,"Ford, KS"
381.9718439,"Angelina, TX"
381.9193898,"Berkeley, SC"
381.8818288,"Irwin, GA"
381.7987482,"Niagara, NY"
381.6202667,"Dekalb, AL"
381.5753611,"Stephens, GA"
381.1925134,"Livingston, LA"
380.9484158,"Navarro, TX"
379.1831907,"Giles, TN"
379.058506,"El Paso, CO"
378.9674417,"Butler, OH"
378.6922494,"Jasper, TX"
378.0387052,"Pickens, SC"
377.8306018,"Warren, TN"
377.5702842,"Elbert, GA"
377.428833,"Summit, OH"
377.0969275,"Santa Barbara, CA"
376.8565728,"Terrell, GA"
376.7361111,"San Benito, CA"
376.3989829,"Scott, KY"
376.1513502,"Charles, MD"
376.0544771,"Allendale, SC"
376.0378272,"Grimes, TX"
375.8885967,"Kalamazoo, MI"
375.8797185,"Crawford, GA"
375.8089692,"Washoe, NV"
375.21024710000006,"Assumption, LA"
374.9036587,"Onondaga, NY"
374.8523,"Rock Island, IL"
374.8448095,"Gaston, NC"
374.5382996,"Anderson, TX"
374.1394007,"Essex, MA"
373.9445115,"Atkinson, GA"
373.6892278,"Henderson, TX"
373.6044137,"Wyoming, WV"
373.3396212,"Hart, GA"
372.7819474,"Campbell, TN"
372.7325437,"Winston, AL"
372.6316894,"Douglas, KS"
371.9820326,"Mason, IL"
371.7472119,"Kent, TX"
371.4683716,"Sunflower, MS"
371.2134477,"Cass, MN"
370.3315515,"Columbus, NC"
369.9404723,"Fayette, KY"
368.921185,"Seminole, GA"
368.6724057,"San Diego, CA"
368.305457,"Williams, ND"
368.2216747,"Brown, TX"
368.1546249,"Kay, OK"
367.5894928,"Taylor, TX"
367.249946,"Musselshell, MT"
366.5013204,"Spokane, WA"
366.2235416,"Mercer, WV"
366.0074432,"Rhea, TN"
365.9072059,"Marshall, IA"
365.1803566,"Chesapeake City, VA"
365.0467716,"Morgan, TN"
365.0020422,"Plymouth, MA"
364.8117677,"Boone, MO"
364.6022704,"Lancaster, NE"
364.5217013,"Allegany, MD"
364.4983687,"Caldwell, TX"
364.4884145,"Monroe, AR"
364.4462442,"Pratt, KS"
364.3065135,"Mahoning, OH"
364.1197549,"Scurry, TX"
363.9275056,"Glacier, MT"
363.8644918,"Dixie, FL"
363.7686431,"Oregon, MO"
363.6914684,"Reynolds, MO"
363.3267102,"Jackson, AR"
363.1181305,"Newton, GA"
362.1575689,"Lamar, TX"
362.131402,"Cape Girardeau, MO"
362.0019191,"Sonoma, CA"
361.9909502,"Drew, AR"
361.6221336,"Bladen, NC"
361.1617369,"Walton, FL"
360.3254553,"Worcester, MD"
360.3230483,"Poinsett, AR"
360.3020496,"Lincoln, OR"
359.4501384,"Yakima, WA"
358.8462412,"Washington, IA"
358.2303421000001,"Atchison, KS"
357.8794128,"Robertson, TX"
357.8043926,"Rockdale, GA"
357.8017555,"Navajo, AZ"
357.7441077000001,"Fannin, GA"
357.29897180000006,"Henry, VA"
357.1246365,"Franklin, IL"
357.079093,"Gilpin, CO"
356.9154987,"Floyd, GA"
356.854134,"Monroe, NY"
355.9790794,"Amador, CA"
355.9715223,"Ouachita, AR"
355.653011,"Boone, AR"
355.6059163,"Orange, TX"
355.4397889,"Santa Fe, NM"
355.16870510000007,"Pasquotank, NC"
354.9407293999999,"Chilton, AL"
354.415329,"Suwannee, FL"
353.8307404,"Hillsborough, FL"
353.3455398,"Obion, TN"
353.2567629,"St. Martin, LA"
353.1300161000001,"Floyd, TX"
352.6388142,"Williamson, IL"
352.1126761000001,"Juneau City And, AK"
351.8456093000001,"Beaufort, NC"
351.7643179,"Caldwell, MO"
351.7572569,"Caroline, MD"
351.5390551000001,"Limestone, TX"
351.2522908,"Elko, NV"
350.9891512000001,"Mitchell, TX"
350.1491376,"Tillman, OK"
350.0643501,"Granville, NC"
349.9517812,"Lexington, SC"
348.8705059,"Providence, RI"
348.35391560000005,"Harrison, TX"
348.309575,"Polk, FL"
348.1478534,"Dickson, TN"
347.8036841,"Swisher, TX"
347.7905074,"Grant, NM"
347.6179622,"Cross, AR"
346.4197494,"Yuma, AZ"
346.0008073,"Bristol City, VA"
345.6237618,"Napa, CA"
345.5825534,"Stokes, NC"
345.4200618000001,"Travis, TX"
345.3265014,"Blount, TN"
345.1460794,"Clinton, MO"
345.0942625,"Union, NJ"
344.8099059,"Lynchburg City, VA"
344.395742,"Dekalb, TN"
343.5770185,"Torrance, NM"
343.226938,"San Patricio, TX"
343.120711,"Ste. Genevieve, MO"
342.85563,"Anderson, TN"
342.7004798,"Hughes, SD"
342.662048,"Lauderdale, MS"
342.0342034,"Hansford, TX"
341.8116015,"Mccormick, SC"
341.591739,"Coffee, AL"
341.3682597,"Hamilton, FL"
341.1958352,"St. Joseph, IN"
340.9926675,"Thomas, GA"
340.9090909,"Tunica, MS"
340.8316292,"Saline, IL"
339.9852180000001,"Surry, VA"
339.6226415,"Weakley, TN"
339.5904081000001,"Laurens, GA"
339.3092272,"Cheatham, TN"
339.0742734,"Saline, KS"
338.5240352,"Pulaski, IL"
337.9971703,"Washington, NC"
337.9139787,"Lee, FL"
337.8963784,"Pulaski, GA"
337.8629242,"Cleveland, OK"
337.5413488,"Winn, LA"
337.29521360000007,"Marshall, TN"
337.2057704,"King, WA"
337.1519046,"Grady, OK"
337.1165299,"Los Alamos, NM"
336.3680309,"Franklin, KY"
336.3221531000001,"Adams, CO"
336.30069239999995,"Bastrop, TX"
336.2797848,"Lanier, GA"
336.0749978,"Wilcox, AL"
334.8253621,"Tate, MS"
334.7029054,"Coconino, AZ"
334.67202139999995,"Labette, KS"
334.420199,"Lewis, TN"
333.508128,"Sutter, CA"
333.4758444,"Seward, KS"
333.4402052,"Sevier, TN"
333.371918,"Berkshire, MA"
333.2026656000001,"Clay, MS"
333.1251301000001,"Washington, CO"
333.0721003,"Hamilton, IA"
331.8479188,"Houston, GA"
331.78484289999994,"Berks, PA"
331.7467186,"Russell, KS"
331.5801509,"Lucas, IA"
331.5042262,"Cabell, WV"
331.3908554,"Seminole, FL"
331.3517201,"Aiken, SC"
330.97408219999994,"Crawford, KS"
330.9190809,"Ashland, WI"
330.9171131,"Appanoose, IA"
330.8955761,"Manassas City, VA"
330.6781345,"Albany, NY"
330.6733712,"Matagorda, TX"
330.5031626,"Indiana, PA"
330.4781817,"Montgomery, IL"
329.5479849,"Minnehaha, SD"
329.4163922,"Webster, LA"
328.6670724,"Marion, AR"
328.5260872,"Lamar, GA"
328.2099108999999,"Gordon, GA"
328.1916639,"Blaine, ID"
327.7348314,"San Luis Obispo, CA"
327.5677330000001,"Nacogdoches, TX"
326.7732071000001,"Talladega, AL"
326.2099727,"Duplin, NC"
326.0991791,"Webster, WV"
325.9897997,"Yadkin, NC"
325.8873022,"Washington, AL"
325.56057460000005,"West Baton Rouge, LA"
324.7985827,"Lincoln, LA"
324.5733431000001,"Union, TN"
324.3058716,"Tama, IA"
323.82908139999995,"Citrus, FL"
323.6655694,"Lake, FL"
323.4414167,"Wood, WV"
323.3734316,"Lake, TN"
323.0964779,"Wilson, TN"
322.7149698,"Valley, ID"
322.205581,"Craighead, AR"
322.1037068,"Pierce, GA"
321.95750160000006,"Stillwater, MT"
321.9350184,"Salt Lake, UT"
321.8485661,"Sabine, LA"
321.8379422,"Howell, MO"
321.8052109,"Shelby, TX"
321.6583274,"Logan, KS"
321.270962,"Putnam, WV"
320.9427093000001,"Mcdowell, WV"
320.695553,"Ripley, MO"
320.4373027,"Dodge, GA"
320.1024328000001,"Swain, NC"
320.0742068,"Mclean, IL"
319.804355,"Waynesboro City, VA"
319.8021689,"Yavapai, AZ"
319.3066484,"San Augustine, TX"
319.1958381,"Beaver, PA"
319.0312554,"Pasco, FL"
318.9309577,"Licking, OH"
318.8210705,"Lowndes, GA"
318.7394756,"Lee, TX"
318.4490482,"Suffolk City, VA"
318.4307732,"Doniphan, KS"
318.1029497,"Ford, IL"
318.0304561000001,"Geneva, AL"
317.3719376,"Edgar, IL"
317.3221381,"Franklin, MA"
317.1720184,"Mesa, CO"
316.9579707,"Jackson, OR"
316.8309731,"Sarasota, FL"
316.7907686000001,"Hidalgo, TX"
316.4665818,"Lee, GA"
316.3530175,"Crawford, AR"
316.1458885,"Jackson, MI"
316.0696462,"Franklin, AR"
315.69953510000005,"Troup, GA"
315.5931717,"Pawnee, KS"
314.9275667,"Marshall, SD"
314.6339758,"Danville City, VA"
314.63030939999993,"Chariton, MO"
314.4338518,"Faulkner, AR"
314.2183818,"Little River, AR"
313.8075314,"Ozark, MO"
313.6981527,"Harmon, OK"
313.14306160000007,"Cherokee, SC"
313.0354316000001,"Rowan, NC"
312.8341713,"Polk, IA"
312.6332244,"Mono, CA"
312.3726742,"Chowan, NC"
312.3542465,"Lonoke, AR"
311.7063034,"Quay, NM"
311.6593399,"St. Joseph, MI"
311.349396,"Catawba, NC"
310.8948364,"Adair, OK"
310.7830623000001,"Grant, AR"
310.4625893,"Henry, TN"
310.2836879,"Garfield, WA"
310.1430887,"Marion, TN"
310.0804869,"Craven, NC"
309.5376282,"Gunnison, CO"
309.2647107,"Vanderburgh, IN"
309.2555776,"Howard, AR"
308.908046,"Hardy, WV"
308.5979308000001,"Kankakee, IL"
308.4637379,"Indian River, FL"
308.3012979,"Somerset, MD"
308.1570997,"Bates, MO"
307.98325,"Butte, CA"
307.3029646,"Mahnomen, MN"
307.21966210000005,"Stephens, OK"
307.0069829,"Wayne, IL"
306.8402934,"Stewart, TN"
306.37254900000005,"Jefferson, GA"
305.8883508,"Kearny, KS"
305.823209,"Panola, TX"
305.7909155,"Pecos, TX"
305.5867265,"Hartford, CT"
305.4929991,"Woodbury, IA"
305.3210289,"Cowlitz, WA"
305.1537071,"Lafayette, FL"
304.86275510000013,"Riverside, CA"
304.7038659,"Sheridan, NE"
304.2846232,"Clearfield, PA"
303.8985847,"Jackson, TN"
303.896313,"Washington, MS"
303.8879785000001,"Adams, IL"
303.548525,"Iron, UT"
303.3838352,"Stark, OH"
303.3619454,"St. Louis, MO"
303.3200356000001,"Cass, TX"
303.2389361,"Broome, NY"
303.1291368,"Jefferson, TN"
302.8938644,"Hertford, NC"
302.83265,"Tyler, TX"
302.4853752,"Tippecanoe, IN"
302.343867,"Bay, MI"
302.1061112,"Kauai, HI"
302.05686339999994,"Richland, LA"
301.4708706,"Knox, IL"
301.4402144,"Jack, TX"
300.8321837,"Carroll, GA"
300.3934825,"Midland, TX"
300.2267018,"Greene, GA"
300.17152660000005,"Carbon, UT"
299.6944749,"Walton, GA"
299.5805872,"Polk, TN"
299.3439908000001,"Madison, AR"
299.1654858,"Sullivan, PA"
298.6695629,"Banks, GA"
298.5768433,"Maverick, TX"
298.1632848000001,"Clark, OH"
297.9886998,"Arapahoe, CO"
297.9145978,"Scott, KS"
297.8990279,"Mitchell, KS"
296.9028124,"Jackson, MS"
296.758927,"Lyon, NV"
296.5916274,"Buena Vista, IA"
296.563729,"Wakulla, FL"
296.1317786,"Ochiltree, TX"
296.0540851,"Wayne, IN"
296.0160659,"Cass, ND"
295.9861392,"Mineral, WV"
295.8579882,"Boone, IA"
295.2899179,"Kootenai, ID"
295.2287593000001,"Hernando, FL"
295.1685568,"Marion, IL"
295.1411832,"Macon, TN"
294.869973,"Sumner, TN"
294.7569,"Lawrence, AL"
294.4507361000001,"Overton, TN"
294.4331527,"Washtenaw, MI"
294.1973445,"Mille Lacs, MN"
294.11764710000006,"Lake, OR"
293.9475713,"Colorado, TX"
293.8679553,"Grant, WA"
293.71365110000005,"Carteret, NC"
293.6241611,"Dooly, GA"
293.5663,"Scott, MS"
292.95003419999995,"Surry, NC"
292.5894163000001,"Davison, SD"
292.3260583,"Lewis And Clark, MT"
292.2861863,"Perry, TN"
292.2442863,"Glades, FL"
291.9099249,"Jasper, IL"
291.83831539999994,"Fairfield, CT"
291.7972549,"Claiborne, MS"
291.5738728,"Missoula, MT"
290.905836,"Union, LA"
290.7355175,"Mitchell, GA"
290.7218207,"Macomb, MI"
290.3554893,"Terry, TX"
290.1353965,"Carbon, MT"
290.018529,"Camp, TX"
289.9951667,"Perry, AR"
289.8296153,"Lake, MI"
289.4200879,"Deer Lodge, MT"
289.3420022,"Custer, OK"
289.3335603,"Franklin, TN"
289.3081761,"Grant, KS"
289.2343838999999,"Humboldt, CA"
289.1584363,"Jasper, SC"
289.1306478,"Polk, AR"
289.017341,"Eureka, NV"
288.8920988,"Clark, WI"
288.8772924,"Orange, NY"
288.7239617,"Iredell, NC"
288.7092476,"Jerome, ID"
288.6680988,"Mills, IA"
288.3733124,"Jefferson, MS"
288.3361749,"Upshur, TX"
288.0087181,"Yellowstone, MT"
287.7044216,"Blaine, MT"
287.6869965,"Crawford, MI"
286.5812542,"Miller, GA"
286.176434,"Kit Carson, CO"
286.1545234,"Greene, IL"
285.3884423,"Allen, IN"
285.3575887,"Richland, MT"
284.8571169,"Warren, MO"
284.4737236,"Hancock, TN"
284.2945786,"Elmore, AL"
284.2671077,"Chippewa, MI"
283.9295855,"Donley, TX"
283.7763012000001,"Washington, IL"
283.5332606,"Martinsville City, VA"
283.1229905,"Northampton, NC"
283.1215971000001,"Lamb, TX"
282.9997979,"Barber, KS"
282.514378,"Levy, FL"
282.33051,"Toombs, GA"
282.2874561000001,"Van Buren, MI"
282.2092956,"Humboldt, NV"
281.9571141,"Pettis, MO"
281.8532819,"Mingo, WV"
281.4254437,"St. Johns, FL"
281.15950180000004,"Luzerne, PA"
281.119982,"Barry, MO"
281.0962755,"Broadwater, MT"
280.762002,"Greene, AR"
280.214425,"Washington, FL"
280.2136217,"Marion, AL"
279.7403436,"Yazoo, MS"
279.4927415,"Scott, IN"
279.3912212,"Jasper, GA"
279.2769296,"Harford, MD"
279.1696492,"Glenn, CA"
278.89293260000005,"Rensselaer, NY"
278.8575292,"Warren, IA"
278.64520780000004,"Crook, OR"
278.62093960000004,"Imperial, CA"
278.3267457,"Hall, NE"
278.2415136,"Butts, GA"
278.09856,"Brown, WI"
277.7777778,"Grand, UT"
277.3757839,"Houston, TN"
277.2387025,"Catron, NM"
276.933634,"Mayes, OK"
276.8485408,"Pocahontas, WV"
276.837896,"Luce, MI"
276.42636,"Benewah, ID"
276.1754938,"Mason, MI"
276.172826,"Hardee, FL"
275.9889604,"Jackson, OK"
275.93197430000004,"Bethel Census Area, AK"
275.8402388,"Burleigh, ND"
275.8352758,"Franklin, KS"
275.7022709,"Douglas, GA"
275.58005160000005,"Bradley, AR"
275.3165171,"Washington, OK"
275.06606980000004,"Montour, PA"
274.2924922,"Weld, CO"
274.2767583,"Rockingham, NC"
274.0602019,"Yell, AR"
274.0226525,"Tom Green, TX"
273.7583105,"Coles, IL"
273.1725697,"Meriwether, GA"
273.0375427,"Decatur, KS"
273.0178104,"Garfield, OK"
272.6465475,"Twin Falls, ID"
272.515786,"Choctaw, OK"
272.4893765,"Josephine, OR"
272.43100110000006,"Person, NC"
272.43057860000005,"Clallam, WA"
272.3186456,"Malheur, OR"
271.8189833,"Goshen, WY"
271.7590533,"Yolo, CA"
271.7391304,"Taylor, GA"
271.71322339999995,"Cherokee, KS"
271.4932127,"Warren, PA"
271.47188989999995,"Highlands, FL"
271.2313905,"Telfair, GA"
270.84107400000005,"Monongalia, WV"
269.9365362,"Hill, TX"
269.74275750000004,"Fayette, WV"
269.69527660000006,"Flathead, MT"
268.95171380000005,"Marshall, OK"
268.9315189,"Kitsap, WA"
268.8212641,"St. Francois, MO"
268.7616291,"Preston, WV"
268.6018567,"Woodward, OK"
268.4131415,"Mckenzie, ND"
268.4032208,"Randolph, AL"
268.3997299,"Comal, TX"
268.2984232,"Conway, AR"
268.2272616,"Otero, NM"
268.0596605,"White, IL"
267.9427085,"Galveston, TX"
267.7818735,"Mason, WA"
267.35661919999995,"Caswell, NC"
267.1757334,"Benton, AR"
267.1653754,"Essex, VA"
267.037216,"Howard, IN"
267.0104042,"Salem, NJ"
266.7389085,"Osage, OK"
266.7080167,"Ottawa, OK"
265.9102996,"Cape May, NJ"
265.7513011,"Clear Creek, CO"
265.6442558,"Marshall, MS"
265.58350260000003,"Phelps, MO"
265.5701191,"Dare, NC"
265.4632333,"Wayne, WV"
265.4076897,"Santa Clara, CA"
265.360612,"Warrick, IN"
265.3348939,"Monroe, MI"
265.2519894,"Wright, MO"
264.2256585,"Cobb, GA"
264.2187576,"Whitfield, GA"
263.9459142,"Carbon, PA"
263.5892064,"Haywood, NC"
263.518499,"St. Clair, MO"
263.5010323,"Chambers, TX"
263.0219342,"Worth, GA"
262.9395347,"Lauderdale, AL"
262.837014,"Delta, MI"
262.7154267,"Linn, KS"
262.4567806,"Martin, FL"
262.454435,"Warren, NC"
262.37328560000003,"Barbour, WV"
262.295082,"Hartley, TX"
262.16335840000005,"Delaware, IN"
262.0214469,"Sequoyah, OK"
261.9833107,"Lumpkin, GA"
261.502739,"Callaway, MO"
261.446347,"Starr, TX"
261.374637,"Butte, SD"
261.3387287,"Madison, IN"
261.180536,"Le Flore, OK"
260.97546830000005,"Harrison, WV"
260.9304398,"Page, IA"
260.7184241,"Bennett, SD"
260.6626396,"Sandoval, NM"
260.3767805,"Wexford, MI"
260.0472813,"Shoshone, ID"
259.7555936,"Wayne, TN"
259.7497622,"Garvin, OK"
259.7484874,"Polk, MN"
259.65102,"Lehigh, PA"
259.35949480000005,"Monroe, IN"
259.25925930000005,"Chase, KS"
259.2401025,"St. Clair, MI"
259.1568763,"Cherry, NE"
258.875241,"Christian, KY"
258.8214994,"Cameron, TX"
258.7334473,"Dekalb, IL"
258.71059180000003,"Washington, MD"
258.6707491,"Covington, AL"
258.2330781,"Clinton, IN"
257.79914840000004,"Silver Bow, MT"
257.7220284,"Oneida, NY"
257.6638478,"Union, FL"
257.3340196,"Macon, MO"
257.1131298,"Flagler, FL"
256.97503670000003,"Logan, IL"
256.8942015,"Smith, TN"
256.8255533,"Frederick, MD"
256.5511042,"Maui, HI"
256.0117034,"Candler, GA"
255.8734589,"Kalkaska, MI"
255.8635394,"Snyder, PA"
254.6186147,"Morgan, AL"
254.4264604,"Harnett, NC"
254.33428,"Sumner, KS"
254.208835,"Pope, AR"
254.1825701,"Grayson, TX"
254.1286002,"Blair, PA"
254.0311296,"Fremont, CO"
253.9570045,"Van Buren, AR"
253.9301461,"Franklin, WA"
253.6682417,"Lincoln, NM"
253.6630954,"Lowndes, MS"
253.3821999,"Johnson, TX"
253.2075792,"Newton, MO"
253.1289551,"Uintah, UT"
252.1750095,"Franklin, MS"
252.15198680000003,"Fergus, MT"
251.8574487,"Westchester, NY"
251.6881522,"Benton, TN"
251.6477809,"Hampton City, VA"
251.6019259,"Autauga, AL"
251.4595203,"Marion, WV"
251.270311,"Fentress, TN"
251.1661285,"Clay, SD"
250.9084617,"Heard, GA"
250.8304522,"Chemung, NY"
250.7389665,"Bedford, PA"
250.5621587,"Franklin, NC"
250.0625156,"Kanabec, MN"
249.9947918,"Newaygo, MI"
249.991259,"Saline, AR"
249.8296616,"Scott, TN"
249.5996986,"Ogemaw, MI"
249.22260319999995,"York, PA"
248.83593790000003,"Roane, TN"
248.6927688,"Park, MT"
248.37007140000003,"Woodson, KS"
248.253565,"Chester, TN"
248.1529525,"Racine, WI"
248.1300345,"Carroll, AR"
248.0783423,"Wake, NC"
247.9539341,"Erie, PA"
247.8007682,"Osage, KS"
247.7291495,"Codington, SD"
247.6504953,"Carbon, WY"
247.560798,"Fort Bend, TX"
247.4541752,"Nevada, CA"
247.4065715,"Ray, MO"
247.249351,"Mercer, IL"
246.6627974,"Washington, GA"
246.4669754,"Lee, AL"
246.4647709,"Marshall, WV"
246.4033066,"Stone, AR"
246.34755530000004,"Park, WY"
246.3458696,"Aransas, TX"
246.1826114,"Adams, MS"
246.1322082,"Bent, CO"
246.090746,"Crawford, IL"
246.0684965,"Pittsburg, OK"
245.7865169,"Screven, GA"
245.7551385,"San Jacinto, TX"
245.7254019,"Johnson, GA"
245.6538171,"Clay, NC"
245.6407418,"Marion, MO"
245.2697968,"Cleburne, AR"
245.1731535,"Haskell, OK"
245.0379809,"Gila, AZ"
244.3857332,"Wagoner, OK"
244.3264577,"Ashley, AR"
244.309084,"El Dorado, CA"
244.100895,"Mackinac, MI"
244.0828402,"Carson City, NV"
244.0805319,"Collier, FL"
243.9565314,"Maries, MO"
243.8914232,"Moore, TX"
243.868771,"Jackson, IN"
243.8416276,"St. Louis, MN"
243.8281012,"Allen, KS"
243.5734,"Hillsborough, NH"
243.4447431,"Holmes, FL"
243.3628319,"Florence, WI"
243.1138625,"Hampshire, MA"
243.0606193,"Franklin, LA"
242.8946139,"Johnson, IA"
242.85688,"Berkeley, WV"
242.6892374,"Lincoln, SD"
242.64436580000003,"Blue Earth, MN"
242.5614489,"Linn, MO"
242.4151547,"Pike, MS"
242.3868494,"Pottawatomie, KS"
242.2333919,"Pawnee, OK"
242.205711,"Charlotte, FL"
241.6237113,"Saguache, CO"
241.4875634,"Haskell, KS"
241.3637049,"Douglas, IL"
241.1971831,"Hawkins, TN"
240.8583315,"Beltrami, MN"
240.7670149,"Osceola, MI"
240.7336645,"Elmore, ID"
240.3846154,"Esmeralda, NV"
240.2642907,"Caldwell, LA"
240.2380867,"Palo Pinto, TX"
240.0721543,"Riley, KS"
239.8081535,"Edwards, IL"
239.2344498,"Freestone, TX"
239.0710383,"Lyon, IA"
239.0594248,"Cleveland, NC"
239.0077059,"Hickman, TN"
238.8965963,"Rock, WI"
238.79441090000003,"Buncombe, NC"
238.6359896,"Tooele, UT"
238.4877074,"Carroll, TN"
237.9273881,"Yankton, SD"
237.8318584,"Beadle, SD"
237.76284790000003,"Lawrence, IN"
237.7555873,"Wells, ND"
237.591417,"Cullman, AL"
237.5462866,"Converse, WY"
237.53621260000003,"Honolulu, HI"
237.4483436,"Siskiyou, CA"
237.3964651,"Sullivan, NY"
237.3706634,"Neosho, KS"
237.2188139,"Manistee, MI"
237.0536914,"Jackson, NC"
236.9297248,"Laramie, WY"
236.922963,"Baker, FL"
236.89108650000003,"Union, NC"
236.6964459,"Cascade, MT"
236.6490495,"Johnson, IL"
236.6255144,"Blaine, OK"
236.3760906,"Lane, OR"
236.1534851,"Tazewell, IL"
235.8918527,"Aleutians West Census Area, AK"
235.7747193,"Marion, OR"
235.695497,"Polk, OR"
235.4382635,"Bannock, ID"
235.3577129,"San Mateo, CA"
235.0176263,"Sheridan, KS"
234.9328141,"Trumbull, OH"
234.8345185,"Itasca, MN"
234.7043739,"Wilkes, NC"
234.6365769,"Talbot, MD"
234.4184689,"St. Mary'S, MD"
234.40955330000003,"Payette, ID"
234.2934271,"Murray, GA"
234.1597796,"Kane, UT"
233.4957164,"Walla Walla, WA"
232.8497224,"Van Buren, TN"
232.8288708,"Golden Valley, MT"
232.5740475,"Windham, VT"
232.5581395,"Lane, KS"
232.5111201,"Nome Census Area, AK"
232.5053873,"Colonial Heights City, VA"
232.4201365,"Henry, IA"
231.9219791,"Loudon, TN"
231.8504565,"Lackawanna, PA"
231.6330127,"Jones, TX"
231.5594187,"Johnson, IN"
231.3931904,"Mower, MN"
231.3922098,"Graham, KS"
231.3894212,"Deschutes, OR"
231.36714590000003,"Cooke, TX"
231.2435766,"Lincoln, MT"
231.1128231,"Fayette, PA"
230.9863975,"Morgan, IL"
230.85416040000004,"Garrett, MD"
230.7651964,"Adams, WA"
230.64640130000004,"Fayette, AL"
230.3450522,"Mckean, PA"
230.2053674,"Dade, GA"
230.2000548,"Eastland, TX"
230.0912565,"Montezuma, CO"
229.18545240000003,"Chautauqua, NY"
229.012568,"Vigo, IN"
228.9452167,"Sherman, KS"
228.9226722,"Payne, OK"
228.8717471,"Wapello, IA"
228.64911630000003,"Clark, IL"
228.5653537,"Jefferson, KS"
228.4282662,"Kaufman, TX"
228.2062985,"Keweenaw, MI"
228.1021898,"Wichita, KS"
228.086325,"Baldwin, AL"
227.9531328,"Butler, KS"
227.8664731,"Shiawassee, MI"
227.8321898,"Livingston, IL"
227.6738202,"Dutchess, NY"
227.6649121,"Jones, MS"
227.58306780000004,"Klamath, OR"
226.9474841,"Grand Forks, ND"
226.8898124,"Calaveras, CA"
226.7751894,"Madison, IL"
226.4720684,"Thomas, KS"
226.3361305,"Cambria, PA"
226.1697215,"Jefferson, CO"
226.1420172,"Asotin, WA"
225.7943121,"Poweshiek, IA"
225.6414801,"Larimer, CO"
225.5988322,"Waller, TX"
225.3497173,"Northumberland, PA"
225.1576103,"Cass, IL"
225.0453721,"Cannon, TN"
224.7488102,"Calhoun, WV"
224.5140241,"Bossier, LA"
224.0936856,"Pender, NC"
224.03750040000003,"Boyle, KY"
223.9680542,"Mercer, PA"
223.9406557,"Gilmer, GA"
223.5907896,"Gladwin, MI"
223.4444826,"Covington City, VA"
223.2142857,"Wilcox, GA"
222.9194188,"Boone, WV"
222.7811324,"Benton, WA"
222.7171492,"Morton, KS"
222.4080903,"Vernon, LA"
222.365684,"Sanilac, MI"
222.0082909,"Fond Du Lac, WI"
221.743951,"Burnett, WI"
221.4839424,"Terrell, TX"
221.22555,"Gwinnett, GA"
220.7505519,"Boise, ID"
220.6256125,"Hawaii, HI"
220.4585538,"Winchester City, VA"
220.2224188,"Dane, WI"
219.9592668,"Barton, MO"
219.7112367,"Rush, KS"
219.360317,"Russell, VA"
219.3073199,"Milam, TX"
219.1762897,"Clare, MI"
219.0949692,"Live Oak, TX"
218.532709,"Creek, OK"
218.5314685,"Rich, UT"
218.4814804,"Walker, GA"
217.9900031,"Orange, CA"
217.9200311,"Harrisonburg City, VA"
217.8056085,"New Madrid, MO"
217.6616915,"Bibb, AL"
217.2338885,"Wheeler, OR"
216.805344,"Cook, GA"
216.7261601,"Kingman, KS"
216.7234036,"Canyon, ID"
216.4836864,"Pickens, AL"
216.4650124,"Douglas, WI"
216.2897046,"Richland, IL"
216.24219130000003,"Dunn, ND"
216.2341983,"San Saba, TX"
216.211243,"Polk, WI"
216.18140840000004,"St. Bernard, LA"
215.9336288,"Nevada, AR"
215.5204228,"Lebanon, PA"
215.3759715,"Colusa, CA"
215.2716221,"Anderson, KS"
215.2687015,"Pulaski, IN"
215.0789926,"Adair, MO"
214.6909983,"Big Horn, MT"
214.5002145,"Powell, MT"
214.3790107,"Isabella, MI"
213.5671331,"Simpson, KY"
213.405762,"Runnels, TX"
212.5041942,"Hale, TX"
211.8770516,"Lyon, KS"
211.8644068,"Sedgwick, CO"
211.7522499,"Dawson, MT"
211.2954517,"Middlesex, MA"
211.23169930000003,"Ketchikan Gateway, AK"
211.2284603,"Tyler, WV"
211.2009322,"Okanogan, WA"
211.1377045,"Thurston, WA"
210.8100636,"Blount, AL"
210.6724168,"Clark, WA"
210.3491796,"Grant, ND"
210.2568791,"Cumberland, IL"
210.2312544,"Piscataquis, ME"
210.0205161,"Onslow, NC"
209.7902098,"Dent, MO"
209.5181084,"Baker, GA"
209.4693443,"Jefferson, WA"
209.1875157,"Custer, MT"
208.6533167,"Pulaski, VA"
208.47810980000003,"Zapata, TX"
208.4459199,"Pamlico, NC"
208.4320227,"Nowata, OK"
208.4234535,"Iosco, MI"
208.2801386,"New London, CT"
208.0912146,"Spotsylvania, VA"
207.9245615,"Washington, TX"
207.8961779,"Whatcom, WA"
207.8555046,"Dinwiddie, VA"
207.741089,"Brantley, GA"
207.7136543,"Belknap, NH"
207.4688797,"Camden, MO"
207.2682051,"Brooks, TX"
207.1331478,"Henderson, KY"
207.1114852,"Stearns, MN"
206.96792,"Morton, ND"
206.6892146,"Crowley, CO"
206.5004418,"Ada, ID"
206.4437075,"Lewis, WA"
206.391478,"Oakland, MI"
206.357636,"Marion, OH"
206.2728755,"Weber, UT"
206.2298604,"Teller, CO"
205.7436777,"Wabash, IL"
205.6700407,"Lenawee, MI"
205.2849967,"Polk, TX"
205.0607444,"Johnson, AR"
204.9944092,"Brule, SD"
204.8997773,"Logan, CO"
204.8580626,"Roberts, SD"
204.7538503,"Pushmataha, OK"
204.6943231,"Roane, WV"
204.6035806,"Comanche, KS"
204.2007001,"Murray, OK"
204.192758,"Schuylkill, PA"
204.1871285,"Fayette, TN"
204.0816327,"Brown, IL"
204.0015692,"Amelia, VA"
203.9208416,"St. Clair, AL"
203.8992875,"Branch, MI"
203.7786382,"Lincoln, OK"
203.4043464,"Kiowa, OK"
203.1884964,"Ellsworth, KS"
203.1119655,"Montgomery, NC"
202.817519,"Humphreys, TN"
202.7212754,"Pine, MN"
202.5720512,"Titus, TX"
202.5445293,"Harrison, MS"
202.2495099,"Greene, NY"
202.2364977,"Clay, KS"
202.0922492,"Coffey, KS"
201.9748654,"Izard, AR"
201.9006667,"Jefferson, MO"
201.7484869,"Bedford City, VA"
201.7213556,"Van Buren, IA"
201.6747526,"Hays, TX"
201.5915119,"Carroll, OH"
201.4559405,"Strafford, NH"
200.8671582,"Ravalli, MT"
200.856282,"Greene, PA"
200.8335481,"Allegan, MI"
200.8277105,"Snohomish, WA"
200.57876930000003,"Catoosa, GA"
200.488145,"Owyhee, ID"
200.3885396,"Mccracken, KY"
200.3728248,"Richland, OH"
200.2217841,"Mcdonough, IL"
199.6495946,"Crawford, MO"
199.5689311,"Lunenburg, VA"
199.0975041,"Kenosha, WI"
199.0362455,"Swift, MN"
198.938992,"Cochran, TX"
198.791026,"Taylor, KY"
198.7691602,"White, AR"
198.7181587,"Moore, NC"
198.5963407,"Kenton, KY"
198.5300329,"Warren, KY"
198.1848932,"Ventura, CA"
198.1268012,"Walsh, ND"
198.11954330000003,"Stoddard, MO"
197.9594944,"Miami, KS"
197.693575,"Wilson, KS"
197.6284585,"Beaver, OK"
197.120924,"Linn, IA"
196.8181073,"Archuleta, CO"
196.481315,"Pinal, AZ"
196.2796092,"Mahaska, IA"
195.5598075,"Grays Harbor, WA"
195.4794771,"Washington, PA"
195.2489424,"Ness, KS"
195.0585176,"Mineral, NV"
194.9317739,"Bremer, IA"
194.9087473,"Gilchrist, FL"
194.8992093,"Tuolumne, CA"
194.7863567,"Otsego, MI"
194.7648156,"Muskingum, OH"
194.7616896,"Herkimer, NY"
194.7502117,"Sussex, VA"
194.7287383,"Logan, AR"
194.7240797,"Cherokee, NC"
194.4688133,"Northampton, PA"
194.383904,"Skagit, WA"
194.2461151,"Berrien, GA"
194.1276389,"Austin, TX"
193.7440332,"Clark, KY"
193.6814045,"Cherokee, OK"
193.4587207,"Guadalupe, TX"
193.4106976,"Cleburne, AL"
193.1132832,"Fannin, TX"
193.076817,"Braxton, WV"
193.06981,"Cumberland, VA"
192.9187472,"Edgefield, SC"
192.7332429,"Macon, GA"
192.7227875,"Wright, IA"
192.6959075,"Coosa, AL"
192.6717144,"Pickens, GA"
192.6673089,"Cooper, MO"
192.5298421,"Ross, OH"
192.1121031,"Juneau, WI"
191.6853886,"Queen Anne'S, MD"
191.6556096,"Dodge, MN"
191.6495551,"Refugio, TX"
191.6443082,"Hamilton, KS"
191.5549263,"Roscommon, MI"
191.5310244,"Davidson, NC"
191.2378303,"Dukes, MA"
190.9854851,"Marion, MS"
190.95182140000003,"Caribou, ID"
190.9454881,"Rabun, GA"
190.8852303,"Hillsdale, MI"
190.8032818,"Calhoun, AR"
190.5487805,"Redwood, MN"
190.4998551,"Franklin, VT"
190.4261606,"Howard, MD"
190.3658335,"Columbia, AR"
190.3553299,"Pierce, WI"
190.1333469,"Cattaraugus, NY"
190.0567153,"Accomack, VA"
189.9385338,"Brown, SD"
189.7876186,"Rains, TX"
189.6541714,"Marin, CA"
189.3347332,"Winnebago, WI"
189.3078904,"Koochiching, MN"
189.2505678,"Butte, ID"
188.8673207,"Floyd, IN"
188.6468873,"Falls, TX"
188.6216749,"Lincoln, NE"
188.6204209,"Sampson, NC"
188.5606537,"Crane, TX"
188.26937,"Dawson, TX"
188.2547408,"Warren, NY"
187.9699248,"Hettinger, ND"
187.7962262,"Cass, MO"
187.7308787,"Sawyer, WI"
187.7168933,"Natrona, WY"
187.6362899,"Okmulgee, OK"
187.5933056,"Franklin, MO"
187.4414246,"Wheatland, MT"
187.3828857,"Moody, SD"
187.3475782,"Lawrence, OH"
187.2340426,"Haskell, TX"
187.2191712,"Monroe, IA"
187.0705472,"White, GA"
187.0091011,"Churchill, NV"
186.9471804,"Bonneville, ID"
186.8665541,"Gallatin, MT"
186.8378248,"Campbell, KY"
186.7876741,"Marshall, AL"
186.7342467,"Van Zandt, TX"
186.7241742,"Erie, OH"
186.5149678,"Blanco, TX"
186.4280388,"Floyd, IA"
186.2496387,"Coos, OR"
186.2197393,"Menard, TX"
185.6763926,"Gooding, ID"
185.4291709,"Mcintosh, OK"
185.4052769,"Montcalm, MI"
185.2976601,"Lafourche, LA"
185.2670583,"Carroll, NH"
185.130231,"Placer, CA"
185.0823347,"Norfolk, MA"
185.0612277,"Box Elder, UT"
185.0587988,"Coryell, TX"
184.8695803,"St. Tammany, LA"
184.719434,"Montgomery, MD"
184.6983261,"Sandusky, OH"
184.6526411,"Taos, NM"
184.560555,"Mecklenburg, VA"
184.3695585,"Valdez-Cordova Census Area, AK"
184.248418,"Henry, GA"
184.1997544,"Cameron, PA"
184.1834534,"Lee, NC"
184.1774801,"Cherokee, IA"
184.1620626,"Lincoln, CO"
183.810014,"Perquimans, NC"
183.5283322,"Stafford, KS"
183.4862385,"Adams, NE"
182.9690436,"Lampasas, TX"
182.9324065,"Bee, TX"
182.8775571,"Routt, CO"
182.6484018,"Scott, AR"
182.6167912,"Carroll, MD"
182.48679740000003,"Beauregard, LA"
182.4278541,"Whiteside, IL"
182.3797617,"Ward, ND"
182.2367159,"Sevier, UT"
182.2055837,"Fairbanks North Star, AK"
182.1869307,"Alpena, MI"
182.0433901,"La Plata, CO"
182.0069726,"Nassau, NY"
181.9939715,"Union, IL"
181.8521951,"Lake, OH"
181.7890178,"Otero, CO"
181.58388,"Jefferson, NY"
181.5783613,"Lycoming, PA"
181.3139932,"Mountrail, ND"
181.0282404,"Walworth, SD"
181.0252613,"Marshall, IL"
180.7614638,"Mohave, AZ"
180.7406162,"Menominee, MI"
180.6820748,"Upson, GA"
180.5054152,"Hamilton, TX"
180.5054152,"Phillips, KS"
180.0874711,"Clay, TN"
179.96738090000005,"Morgan, GA"
179.7641626,"Stanly, NC"
179.68644719999998,"Rogers, OK"
179.62996230000005,"Teton, WY"
179.2467143,"Johnston, NC"
179.2034906,"Burke, NC"
179.18088740000005,"Macoupin, IL"
178.66804230000002,"Cayuga, NY"
178.5315778,"Kimble, TX"
178.50973169999997,"Sevier, AR"
178.4821875,"Mcintosh, GA"
178.4285978,"Alamosa, CO"
178.37541159999995,"Gage, NE"
178.2482312,"Webster, MO"
177.5804661,"Douglas, MO"
177.2787709,"Barbour, AL"
177.0183704,"Henrico, VA"
176.9715739,"Unicoi, TN"
176.8476899,"Montrose, CO"
176.8047801,"Shelby, AL"
176.59988059999995,"Monmouth, NJ"
176.5913758,"Staunton City, VA"
176.5035796,"Rutland, VT"
176.4965436,"Cass, IA"
176.42651709999996,"Delaware, OK"
176.41471030000002,"La Salle, TX"
176.22936930000003,"Neshoba, MS"
176.1913456,"Henderson, NC"
176.1726492,"Comanche, TX"
176.1597181,"Taliaferro, GA"
176.14032509999996,"Montgomery, KY"
176.0854014,"Fulton, IL"
175.67502530000004,"Davie, NC"
175.5926251,"Fayette, IA"
175.5823481,"Coleman, TX"
175.38554580000005,"Dallas, MO"
175.3633919,"Audrain, MO"
174.7973939,"Washington, MO"
174.7335314,"Noble, OK"
174.4696456,"Grand Traverse, MI"
174.4417224,"Kosciusko, IN"
174.43792230000003,"Eaton, MI"
174.3286939,"Hopkins, TX"
174.1970604,"Palo Alto, IA"
174.0841659,"Guernsey, OH"
173.882803,"Wheeler, TX"
173.748223,"Millard, UT"
173.7229959,"Oneida, WI"
173.61111110000004,"Columbia, WA"
173.05529119999997,"Christian, MO"
172.71884740000004,"Bulloch, GA"
172.638848,"Iowa, WI"
172.63703059999997,"Towner, ND"
172.57450269999995,"Hall, GA"
172.4605189,"Wise, VA"
172.25747959999995,"Fayette, IL"
172.2538757,"Jersey, IL"
172.1292148,"Kandiyohi, MN"
172.08113889999996,"Deaf Smith, TX"
171.7185146,"Montgomery, PA"
171.66680290000005,"White, IN"
171.6165324,"Ottawa, MI"
171.56671609999995,"Caldwell, KY"
171.5592833,"Eagle, CO"
171.2622024,"Washita, OK"
171.1430071,"Burnet, TX"
171.1227351,"Newport, RI"
170.7007485,"Huntingdon, PA"
170.6623324,"Charlotte, VA"
170.6484642,"Harper, KS"
170.58518130000004,"Monroe, WV"
170.5514497,"Costilla, CO"
170.5037142,"La Crosse, WI"
170.4942731,"Montgomery, TX"
170.4545455,"Stutsman, ND"
170.30500080000004,"Beaver, UT"
170.0680272,"Emmet, IA"
170.05101530000005,"Brown, KS"
169.6803049,"Sheboygan, WI"
169.6352841,"Prairie, MT"
169.4867377,"Halifax, VA"
169.4277108,"Martin, TX"
169.1722767,"Carter, TN"
169.05012109999996,"Perry, IL"
169.01179009999996,"Daviess, KY"
169.0060894,"Boulder, CO"
168.956554,"Lincoln, MO"
168.8713763,"Olmsted, MN"
168.6936684,"Columbia, NY"
168.5307186,"Lavaca, TX"
168.47090659999995,"Washington, UT"
168.40417,"Randolph, MO"
168.36920600000005,"Bartholomew, IN"
168.3668416,"Kennebec, ME"
167.9878209,"Kenai Peninsula, AK"
167.7890393,"Tazewell, VA"
167.73832819999996,"Pocahontas, IA"
167.72895,"Stanley, SD"
167.6847351,"Will, IL"
167.5041876,"Phillips, MT"
167.4548864,"Virginia Beach City, VA"
167.4217057,"Duchesne, UT"
167.40419680000005,"Forrest, MS"
167.3861334,"Grainger, TN"
167.08437759999995,"Oscoda, MI"
166.8942497,"Orange, IN"
166.6701829,"Medina, TX"
166.59577480000004,"Stark, ND"
166.36124880000003,"Middlesex, NJ"
166.0210293,"Baylor, TX"
165.9743202,"Lancaster, PA"
165.85887250000005,"Tuscola, MI"
165.7715006,"Karnes, TX"
165.6916091,"Boyd, KY"
165.6050955,"Plaquemines, LA"
165.5245937,"Randolph, NC"
165.1899685,"Coweta, GA"
165.1679207,"Atchison, MO"
164.9484536,"Northampton, VA"
164.8386483,"Nottoway, VA"
164.7898929,"Lyon, MN"
164.6108599,"Perry, PA"
164.5488005,"Alexandria City, VA"
164.44855819999995,"Laporte, IN"
164.34754030000005,"Carroll, MO"
164.3340363,"Mcclain, OK"
164.2485628,"Lake, CO"
163.97659309999997,"Acadia, LA"
163.9586411,"Marquette, MI"
163.8001638,"Seneca, NY"
163.57051059999995,"Madison, KY"
163.5694489,"Franklin, GA"
163.4738186,"Langlade, WI"
163.4345166,"Jessamine, KY"
163.422606,"Fremont, WY"
163.39869280000005,"Miller, MO"
163.0996897,"Chattooga, GA"
163.03609440000002,"Texas, OK"
162.89724109999997,"Kane, IL"
162.8615375,"Bryan, GA"
162.68980480000005,"Appling, GA"
162.5882062,"Oswego, NY"
162.4014459,"Montgomery, IN"
162.3629368,"Mcdowell, NC"
162.32619119999995,"Chester, PA"
162.26240149999995,"Johnson, WY"
162.03415180000005,"Searcy, AR"
161.9695497,"Dubuque, IA"
161.8908855,"Shelby, MO"
161.8122977,"Gem, ID"
161.5900461,"Okfuskee, OK"
161.49857509999995,"Denton, TX"
161.3827957,"Atascosa, TX"
161.3573983,"Outagamie, WI"
161.0831311,"Oktibbeha, MS"
161.03742,"Buchanan, VA"
161.0218062,"Jasper, IA"
161.0120759,"Baraga, MI"
160.76490249999995,"Beckham, OK"
160.4591601,"Daviess, IN"
159.8203672,"Nassau, FL"
159.7899,"Crow Wing, MN"
159.7755824,"Caldwell, NC"
159.7034642,"Eau Claire, WI"
159.6897456,"Delaware, IA"
159.3173945,"Roanoke, VA"
159.20250959999996,"Fairfield, OH"
158.8404646,"Ritchie, WV"
158.49919450000004,"Summit, UT"
158.4758755,"Gloucester, NJ"
158.39075,"Lapeer, MI"
158.3531275,"Dade, MO"
158.2682391,"Jackson, IA"
158.2182194,"Piatt, IL"
158.1777918,"Ontonagon, MI"
158.13482009999996,"Steuben, NY"
157.5630252,"Buckingham, VA"
157.52993069999997,"Alger, MI"
157.2739187,"Valley, MT"
157.11824950000005,"Washington, OR"
157.1156868,"Chippewa, MN"
156.9858713,"Borden, TX"
156.94480769999996,"Ferry, WA"
156.88188540000004,"Lincoln, WI"
156.826693,"Chelan, WA"
156.8236091,"Madison, GA"
156.61707130000005,"Foard, TX"
156.60480780000003,"Bleckley, GA"
156.5985928,"Mifflin, PA"
156.400385,"Long, GA"
156.30427230000004,"Iron, MI"
156.25,"Fayette, OH"
156.1570494,"Trinity, CA"
155.70727030000003,"Liberty, FL"
155.6762611,"Barry, MI"
155.66625159999995,"Greenwood, KS"
155.65802230000003,"Bolivar, MS"
155.6490115,"Chatham, NC"
155.6132514,"Westmoreland, PA"
155.60165980000005,"Fisher, TX"
155.4870564,"Bennington, VT"
155.4001554,"West Feliciana, LA"
155.3599171,"Pitkin, CO"
155.3300764,"Nez Perce, ID"
155.3258857,"Rutherford, NC"
155.1870815,"Rockland, NY"
154.9686834,"Arenac, MI"
154.8946716,"Talbot, GA"
154.8786784,"Meagher, MT"
154.8330015,"Summers, WV"
154.74148080000003,"Genesee, NY"
154.69784199999995,"Ulster, NY"
154.6860783,"Johnston, OK"
154.5846554,"Prowers, CO"
154.4998069,"Rawlins, KS"
154.3686323,"Hall, TX"
154.3209877,"Haines, AK"
154.2843579,"Grady, GA"
154.04364569999996,"Antrim, MI"
153.8198599,"Dixon, NE"
153.49194169999996,"Monona, IA"
153.38253600000004,"Hardin, TX"
153.28381090000005,"Twiggs, GA"
153.2371345,"Clarion, PA"
152.7650474,"Houston, TX"
152.7300496,"Delta, TX"
152.50360080000004,"Rio Grande, CO"
152.40998290000005,"Oceana, MI"
152.4003048,"Moniteau, MO"
152.37907980000003,"Bertie, NC"
152.08322990000005,"Santa Rosa, FL"
151.9500253,"Limestone, AL"
151.76128590000005,"Orange, NC"
151.6642072,"Currituck, NC"
151.2859304,"Spink, SD"
151.2190583,"Sullivan, NH"
151.0627736,"Lake, IL"
150.9973774,"Union, IA"
150.9747979,"Desoto, MS"
150.83023169999996,"Burlington, NJ"
150.5174036,"Lincoln, ID"
150.43877980000005,"Montgomery, MO"
150.3912896,"Paulding, GA"
150.34244669999995,"Mcleod, MN"
150.1411327,"Kerr, TX"
150.02344119999995,"Jay, IN"
149.970006,"Marshall, KS"
149.692736,"Latah, ID"
149.6333982,"Jackson, KS"
149.2239824,"Johnson, KS"
149.1653842,"Orleans, NY"
149.0909091,"Simpson, MS"
149.0727999,"Jackson, GA"
149.00326940000005,"Grant, IN"
148.940865,"Southampton, VA"
148.80952380000005,"Judith Basin, MT"
148.80449119999997,"Mcpherson, KS"
148.74628130000005,"Pennington, MN"
148.43524509999997,"Culpeper, VA"
148.40465,"Concho, TX"
148.3981135,"Shelby, OH"
148.13659750000005,"Union, OR"
147.93552659999997,"Bingham, ID"
147.8912744,"Dickinson, KS"
147.7704229,"Brazoria, TX"
147.64990569999995,"Todd, MN"
147.6410979,"Gasconade, MO"
147.640674,"Collin, TX"
147.3595573,"Marion, IA"
147.33250619999995,"Pend Oreille, WA"
147.21116619999995,"Young, TX"
146.96876909999997,"Iowa, IA"
146.8601304,"Grant, WI"
146.8375211,"Prince William, VA"
146.8120805,"Perry, MO"
146.77756530000005,"Jefferson, PA"
146.69466819999997,"Chittenden, VT"
146.627566,"Washburn, WI"
146.5728831,"Brunswick, NC"
146.5201465,"Jackson, CO"
146.505922,"Columbia, WI"
146.2938882,"Fulton, AR"
146.04768700000002,"Wise, TX"
146.02991210000005,"Bradford, PA"
145.9143969,"Columbia, OR"
145.8833541,"Transylvania, NC"
145.8434614,"Greer, OK"
145.7812686,"Gibson, IN"
145.7288586,"Cassia, ID"
145.4322783,"Charlevoix, MI"
145.3304688,"Smyth, VA"
145.1273492,"Madison, TX"
145.11087959999998,"Logan, KY"
145.1046281,"Colfax, NM"
144.85755669999998,"Grundy, MO"
144.7736705,"Sabine, TX"
144.69267280000003,"Mason, KY"
144.69259519999997,"Dallas, IA"
144.5300919,"Monroe, GA"
144.5086705,"San Juan, CO"
144.4298232,"Caledonia, VT"
144.4192284,"Hot Springs, WY"
143.7653749,"Jefferson Davis, LA"
143.7288819,"Erath, TX"
143.4079957,"York, ME"
143.37851930000005,"Umatilla, OR"
143.35204869999995,"Choctaw, MS"
143.0955343,"Williamson, TX"
143.025408,"Greensville, VA"
142.9707134,"Ellis, TX"
142.8816369,"Potter, PA"
142.87347130000003,"Morgan, WV"
142.84786699999995,"Story, IA"
142.8125139,"Jo Daviess, IL"
142.8061407,"Benton, MN"
142.63485480000003,"Lemhi, ID"
142.5563646,"Stafford, VA"
142.5055059,"Power, ID"
142.4086481,"Pontotoc, MS"
142.130176,"Island, WA"
142.0454545,"Goodhue, MN"
141.9817666,"Sumter, FL"
141.9232754,"Saline, MO"
141.82385480000005,"Wabaunsee, KS"
141.8188264,"Louisa, IA"
141.74344440000004,"Rock, NE"
141.5276408,"Hopkins, KY"
141.3039212,"Wasco, OR"
141.2586893,"Androscoggin, ME"
141.1432604,"Morrow, OR"
141.097999,"Johnson, MO"
141.0913106,"Suffolk, NY"
140.9553641,"Fulton, KY"
140.8775982,"Habersham, GA"
140.7657658,"Chautauqua, KS"
140.6774159,"Charles Mix, SD"
140.586136,"Stephens, TX"
140.58330159999997,"Gratiot, MI"
140.56789430000003,"Bailey, TX"
140.54813769999998,"Kiowa, CO"
140.4039313,"Harrison, KY"
140.05325969999998,"Franklin, PA"
139.9090591,"Clearwater, ID"
139.8652876,"Orleans, VT"
139.8601399,"Bell, KY"
139.8241751,"Boone, KY"
139.7868251,"Burleson, TX"
139.75352560000002,"Aitkin, MN"
139.4700139,"Scioto, OH"
139.39352390000002,"St. John The Baptist, LA"
139.3242773,"Sauk, WI"
139.2628354,"Towns, GA"
139.2111369,"Latimer, OK"
138.9716101,"Lee, VA"
138.8480948,"Graves, KY"
138.47675569999998,"Woodford, KY"
138.41878169999998,"Wayne, NY"
138.2329225,"Archer, TX"
138.1544599,"St. Charles, MO"
138.0079868,"Bureau, IL"
137.83597519999998,"Anoka, MN"
137.7948707,"Val Verde, TX"
137.6067886,"Hardin, IA"
137.4847621,"Ontario, NY"
137.4242764,"Isle Of Wight, VA"
137.1884679,"Allegany, NY"
137.0578253,"Cheshire, NH"
137.0419414,"Lorain, OH"
136.9804375,"Delaware, NY"
136.8769248,"Benton, IN"
136.79890559999998,"Clark, KS"
136.7751878,"Cass, MI"
136.5862849,"Greene, NC"
136.5103003,"Idaho, ID"
136.3850522,"Manitowoc, WI"
136.3558889,"Coal, OK"
136.3271852,"Red River, TX"
136.3105284,"Hale, AL"
136.2212233,"Calhoun, FL"
136.1088871,"Bollinger, MO"
136.0544218,"Reeves, TX"
135.79781210000002,"Charlton, GA"
135.7957632,"Baca, CO"
135.6122113,"Arlington, VA"
135.558271,"Darke, OH"
135.4937052,"Avery, NC"
135.2826331,"Rice, MN"
135.1774616,"Clay, MN"
134.65494669999998,"Douglas, OR"
134.0376882,"Pike, IN"
133.9584729,"Goliad, TX"
133.949501,"Walthall, MS"
133.72013959999998,"Dunn, WI"
133.5826877,"Roger Mills, OK"
133.5818577,"Washington, ME"
133.4644563,"Lamar, AL"
133.4428249,"Love, OK"
133.4000334,"Ohio, KY"
133.3128237,"Montague, TX"
133.037694,"Sitka City And, AK"
132.9377624,"Otsego, NY"
132.93220459999998,"Trigg, KY"
132.7700241,"Cumberland, ME"
132.73161670000002,"Knox, TX"
132.66118329999998,"Ionia, MI"
132.5437112,"Carlton, MN"
132.4769169,"Lawrence, SD"
132.3501607,"Alcona, MI"
132.28642140000002,"Itawamba, MS"
132.2584708,"Vermillion, IN"
132.2168356,"Rio Blanco, CO"
132.0528211,"Mcculloch, TX"
132.0086153,"Trinity, TX"
132.0073924,"Sanders, MT"
131.9916362,"Somerset, PA"
131.9902744,"Rusk, WI"
131.6779533,"Lincoln, NC"
131.52702879999998,"Williamsburg City, VA"
131.4705696,"Chippewa, WI"
131.3485114,"Holt, MO"
130.9586171,"Osborne, KS"
130.6762496,"Cortland, NY"
130.66202090000002,"Griggs, ND"
130.3118362,"Clinton, MI"
130.2460203,"Clark, MO"
130.0390117,"Manassas Park City, VA"
129.8403727,"Watauga, NC"
129.8251688,"Ramsey, ND"
129.8066387,"Washington, VT"
129.80529209999997,"Lee, AR"
129.74128059999998,"Moffat, CO"
129.7127717,"Williamson, TN"
129.38460600000002,"Merrimack, NH"
129.333241,"Highland, OH"
129.3280818,"Lawrence, AR"
129.2407108,"Nelson, ND"
129.16188290000002,"Tucker, WV"
129.1493595,"Summit, CO"
128.98804850000002,"Calumet, WI"
128.9126108,"Shelby, KY"
128.8037353,"Pondera, MT"
128.6947858,"Campbell, WY"
128.53227479999998,"Hood, TX"
128.0621308,"Dawson, NE"
127.9982192,"Venango, PA"
127.9401634,"Nemaha, KS"
127.889818,"Franklin, ME"
127.7486342,"Huntington, IN"
127.7018399,"Susquehanna, PA"
127.6440554,"Lewis, WV"
127.4697259,"Wallace, KS"
127.4663409,"Calloway, KY"
127.3180183,"Frio, TX"
127.2512239,"Columbia, PA"
127.18182620000002,"Prince Edward, VA"
127.0942929,"Calvert, MD"
126.8950778,"San Juan, UT"
126.7427123,"Howard, MO"
126.7350634,"Emmet, MI"
126.6256892,"Clinton, IL"
126.4382349,"Wheeler, GA"
126.0858774,"Yamhill, OR"
126.0327685,"Ida, IA"
126.0126013,"Chesterfield, VA"
125.9392973,"Page, VA"
125.7107492,"Somerset, ME"
125.5851125,"Decatur, IN"
125.3628926,"Bayfield, WI"
125.0625313,"Big Horn, WY"
125.052105,"Randolph, GA"
124.6019659,"Las Animas, CO"
124.52962990000002,"Iberia, LA"
124.1310824,"Huron, MI"
124.0694789,"Irion, TX"
124.0694789,"Sullivan, MO"
124.0617828,"Park, CO"
123.8645747,"Dewey, OK"
123.7380978,"York, VA"
123.6945804,"Pike, PA"
123.6101433,"Kent, RI"
123.3637174,"Jackson, TX"
123.16921940000002,"Kendall, IL"
122.9140075,"Wood, TX"
122.8752816,"Caroline, VA"
122.6993865,"Fulton, PA"
122.6410372,"Clinton, PA"
122.4561199,"Christian, IL"
122.3425592,"Henry, IL"
122.18963829999998,"Yoakum, TX"
122.159785,"Garfield, CO"
122.1589996,"Marshall, KY"
122.0420649,"Washington, NY"
122.0070154,"Wilkin, MN"
121.9299774,"Morris, KS"
121.8805098,"Jefferson, WI"
121.8467537,"Marathon, WI"
121.6841081,"Tyrrell, NC"
121.6127725,"Montgomery, VA"
121.6124246,"Grafton, NH"
121.5457763,"Midland, MI"
121.2527733,"Essex, NY"
121.0409522,"Livingston, MO"
120.7836206,"Louisa, VA"
120.3919963,"Wyoming, NY"
120.3731568,"Nodaway, MO"
120.2769303,"Lincoln, ME"
120.27624740000002,"Wayne, PA"
120.2259129,"Whitley, KY"
120.2032528,"Washington, VA"
120.0192031,"Ballard, KY"
120.0036924,"Evans, GA"
119.9040767,"Ellis, OK"
119.7735192,"Patrick, VA"
119.7195143,"Alfalfa, OK"
119.6376688,"Baxter, AR"
119.510009,"Sublette, WY"
119.3488328,"Dakota, NE"
119.3475666,"Worth, IA"
119.0738699,"Hood River, OR"
119.057743,"Grant, WV"
118.9961056,"Clay, WV"
118.9228097,"Pulaski, KY"
118.48341229999998,"Clarke, VA"
118.2994455,"Callahan, TX"
118.2732111,"Minidoka, ID"
118.0637544,"Niobrara, WY"
118.0073144,"Rockingham, NH"
117.9894596,"Seminole, OK"
117.959304,"Hand, SD"
117.9013559,"Schley, GA"
117.87984679999998,"Linn, OR"
117.7971925,"Camden, NC"
117.7075441,"Augusta, VA"
117.67900790000002,"Campbell, VA"
117.57789540000002,"Albany, WY"
117.5384914,"Walworth, WI"
117.5260761,"Oconee, GA"
117.5004712,"Dakota, MN"
117.2549988,"Wetzel, WV"
117.1417415,"Major, OK"
117.1399119,"Shenandoah, VA"
117.1051604,"Bullitt, KY"
117.0960187,"Winston, MS"
117.0845936,"Pacific, WA"
116.78705829999998,"Meeker, MN"
116.6861144,"Custer, CO"
116.6242578,"Wilkinson, GA"
116.4187152,"Greene, OH"
116.3943613,"Starke, IN"
116.3241567,"Freeborn, MN"
116.2147205,"Miami, IN"
116.20939479999998,"Jefferson, WV"
116.2061031,"Barren, KY"
116.1363546,"Hancock, OH"
116.0362033,"Fremont, ID"
115.64972009999998,"Nobles, MN"
115.5401502,"Sherman, OR"
115.5364125,"Hardin, KY"
115.5334758,"Chickasaw, MS"
115.3095618,"Skamania, WA"
115.1953084,"Waseca, MN"
115.1631478,"Craig, VA"
115.1445367,"Chenango, NY"
115.1189563,"Montgomery, IA"
115.0196492,"Klickitat, WA"
115.0115012,"Bourbon, KY"
114.7446931,"Cerro Gordo, IA"
114.6277781,"Marshall, IN"
114.4805548,"Parker, TX"
114.4033863,"Harrison, MO"
114.2815011,"Mason, WV"
114.2353248,"Montgomery, NY"
114.0332122,"Lincoln, AR"
113.7656428,"Franklin, IA"
113.75948,"Schuyler, NY"
113.4835973,"Oxford, ME"
113.3253507,"Santa Cruz, AZ"
113.278021,"Harris, GA"
113.2221959,"Butler, PA"
113.0395874,"Tioga, PA"
112.9943503,"Stevens, MN"
112.9493057,"Missaukee, MI"
112.9256428,"Jefferson, MT"
112.7800277,"New Kent, VA"
112.747516,"Faribault, MN"
112.5344188,"Kittitas, WA"
112.4835519,"Douglas, NV"
112.3655626,"Windsor, VT"
112.3046875,"Adams, WI"
112.2643925,"Adams, PA"
112.2586439,"Nelson, KY"
112.2367605,"Macon, NC"
111.8925831,"Pickaway, OH"
111.77867820000002,"Nemaha, NE"
111.6694584,"Daniels, MT"
111.6450658,"Bandera, TX"
111.5168262,"Hanover, VA"
111.3585746,"Cheyenne, KS"
111.2700684,"Carter, MO"
111.0956812,"Cabarrus, NC"
111.0208503,"Alexander, NC"
110.9877913,"Gaines, TX"
110.9786674,"Waushara, WI"
110.8660253,"Benton, OR"
110.7508731,"St. Lawrence, NY"
110.6981893,"Martin, KY"
110.6633537,"Buffalo, NE"
110.3863522,"Parmer, TX"
110.0352113,"Dawes, NE"
109.879133,"Rice, KS"
109.445517,"Frederick, VA"
109.4091904,"Madison, NC"
109.3039524,"Scott, MN"
109.224506,"Sac, IA"
109.1305929,"Tripp, SD"
109.0215318,"Sweet Grass, MT"
109.0178828,"Waupaca, WI"
108.8393065,"Cheboygan, MI"
108.7370195,"Cedar, IA"
108.6980634,"Sherburne, MN"
108.6641553,"Wadena, MN"
108.563258,"Kendall, TX"
108.54227720000002,"Phelps, NE"
108.3423619,"Gove, KS"
108.2808201,"Franklin, VA"
107.9913607,"Washington, IN"
107.8809902,"Westmoreland, VA"
107.748945,"Watonwan, MN"
107.7372969,"Logan, OH"
107.6889942,"Brewster, TX"
107.6426265,"Turner, SD"
107.4025116,"Poquoson City, VA"
107.36525659999998,"Whitman, WA"
107.2386059,"Clarke, IA"
107.2386059,"Barnes, ND"
106.8107565,"Gogebic, MI"
106.6294077,"Clinton, NY"
106.5684945,"Jackson, WI"
106.2599619,"Coos, NH"
106.2072221,"Gallatin, KY"
105.8201058,"Cheyenne, CO"
105.5339358,"Grayson, VA"
105.4534498,"Vinton, OH"
105.4353438,"Clay, MO"
105.3208072,"Brooke, WV"
105.2180352,"Hoke, NC"
105.1915104,"Alleghany, VA"
105.1435067,"Portage, WI"
105.0691355,"Porter, IN"
104.9765443,"Delta, CO"
104.9348529,"Effingham, IL"
104.8401188,"Lynn, TX"
104.7464453,"Mchenry, IL"
104.5772665,"Madison, MO"
104.4464339,"Wayne, MO"
104.2141601,"Ocean, NJ"
104.1666667,"Bristol Bay, AK"
104.0531804,"Clackamas, OR"
104.0510544,"Saline, NE"
103.8834951,"Albemarle, VA"
103.7822878,"Gilmer, WV"
103.7344398,"Republic, KS"
103.4185579,"Lincoln, MS"
103.4024763,"Lasalle, IL"
103.2085724,"Lafayette, MO"
103.1269567,"Ashe, NC"
102.915952,"Lincoln, MN"
102.5816379,"Chouteau, MT"
102.5757921,"Monroe, MO"
102.5641026,"Hodgeman, KS"
102.396264,"Bucks, PA"
102.2364217,"Tipton, IN"
102.2355507,"Wythe, VA"
102.0587718,"Rockwall, TX"
101.5497373,"Monroe, WI"
101.4267361,"Nelson, VA"
101.3544642,"Boundary, ID"
101.3124568,"Stevens, WA"
101.3112571,"Sioux, IA"
101.2814303,"Wilson, TX"
101.0423314,"Greene, VA"
100.7395759,"Bonner, ID"
100.7394706,"Platte, MO"
100.72767059999998,"Otter Tail, MN"
100.7211635,"Fayette, TX"
100.7093441,"Barron, WI"
100.6711409,"Trego, KS"
100.4291062,"Carroll, KY"
100.3344482,"Randolph, IL"
100.1836701,"Grant, MN"
100.0,"Chase, NE"
99.98928686,"Wyoming, PA"
99.94548428,"Red Willow, NE"
99.85022466,"Gray, KS"
99.626401,"Castro, TX"
99.57679861,"Norton City, VA"
99.26825118,"James City, VA"
99.05002026,"Logan, OK"
98.80671886,"Douglas, WA"
98.6689367,"Franklin, NY"
98.41677364,"Stephenson, IL"
98.23182711,"Pickett, TN"
98.17671809,"King And Queen, VA"
98.12904945,"Hendricks, IN"
97.93360102,"Martin, MN"
97.81020958,"Centre, PA"
97.53858512,"Lee, IL"
97.51911375,"Texas, MO"
97.47945969,"Pembina, ND"
97.17314488,"Scott, VA"
97.09449309,"Fulton, NY"
96.90633856,"Armstrong, PA"
96.82705199,"Choctaw, AL"
96.47336263,"Rosebud, MT"
96.39414495,"Perry, KY"
96.16494211,"Grayson, KY"
96.11277232,"Henry, OH"
96.10764056,"Mellette, SD"
96.09224856,"Adair, KY"
96.08785175,"Pendleton, KY"
95.97696553,"Todd, KY"
95.96928983,"Camas, ID"
95.92126116,"Apache, AZ"
95.87727709,"Doddridge, WV"
95.6937799,"Worth, MO"
95.60970568,"Warren, VA"
95.53379508,"Prairie, AR"
95.41984733,"Craig, OK"
95.30617107,"Coahoma, MS"
95.14747859,"Oldham, TX"
95.0209046,"Gloucester, VA"
94.75978395,"Montgomery, MS"
94.70624735,"Gallia, OH"
94.64842055,"Cass, NE"
94.62240083,"Dupage, IL"
94.17799641,"Ashtabula, OH"
94.0354648,"Schuyler, IL"
93.98128206,"Allen, LA"
93.88412017,"Sheridan, WY"
93.84838944,"Nicollet, MN"
93.84714646,"Sharp, AR"
93.80863039,"Franklin, TX"
93.68120287,"Mercer, KY"
93.61542782,"Clay, KY"
93.53863865,"Atoka, OK"
93.45346497,"Preble, OH"
93.28358209,"Jackson, SD"
93.26422631,"Bergen, NJ"
93.24009324,"Steele, MN"
93.18217114,"Attala, MS"
93.10986965,"Mercer, ND"
93.03598303,"Douglas, MN"
92.70280168,"Crawford, PA"
92.61841214,"Madison, MS"
92.58220177,"Greenbrier, WV"
92.27312846,"King George, VA"
91.97405364,"Hubbard, MN"
91.86954525,"Presque Isle, MI"
91.63103238,"Kearney, NE"
91.51244303,"Cherokee, GA"
91.19548997,"Edmonson, KY"
91.08505067,"Yancey, NC"
90.89728607,"Clay, AR"
90.76763485,"Madison, MT"
90.6567648,"Davis, UT"
90.6340471,"Penobscot, ME"
90.37381898,"Dodge, NE"
90.16393443,"Northumberland, VA"
89.98090201,"Effingham, GA"
89.91794987,"Mathews, VA"
89.85575786,"Jefferson, OR"
89.7979546,"Marion, KY"
89.65795490000002,"Rockbridge, VA"
89.64961315,"Washington, WI"
89.59503046,"Leon, TX"
89.55223881,"Real, TX"
89.36550492,"Orange, VA"
89.23259964,"Jefferson, IA"
89.18838569,"Cheyenne, NE"
88.98141464,"Laurel, KY"
88.93632159,"Norton, KS"
88.85046707,"Shawano, WI"
88.83624519,"Falls Church City, VA"
88.77052818,"Jeff Davis, TX"
88.62629247,"Giles, VA"
88.46048257,"Jackson, OH"
88.37418606,"Livingston, MI"
88.23834735,"Defiance, OH"
88.01577243,"Morgan, CO"
87.87346221,"Botetourt, VA"
87.79631255,"Hamilton, NE"
87.73212458,"Fall River, SD"
87.59854837,"Fairfax City, VA"
87.37015824,"Lincoln, WA"
87.29812309,"Dickens, TX"
87.22490607,"Morgan, OH"
87.08272859,"Traverse, MN"
87.00599003,"Carroll, VA"
86.97272784,"King William, VA"
86.81183535,"Hughes, OK"
86.64438668,"Wood, OH"
86.49943443,"Union, KY"
86.17412242,"Champaign, OH"
86.10086101,"Keith, NE"
85.98452279,"Butler, KY"
85.89912222,"Prince George, VA"
85.68455842,"Richland, ND"
85.66311035,"Bledsoe, TN"
85.47921787,"Livingston, KY"
85.46352447,"Forsyth, GA"
85.12087164,"Meigs, OH"
85.11091015,"Houston, MN"
85.0388344,"Madison, NE"
85.03269894,"Athens, OH"
85.00115911,"Livingston, NY"
84.86601664,"Warren, OH"
84.8508583,"Kossuth, IA"
84.69193309,"Allamakee, IA"
84.64533604,"Stark, IL"
84.45054365,"Ripley, IN"
84.36308729,"Loudoun, VA"
84.21954179,"Aroostook, ME"
84.15147265,"Charles City, VA"
84.13259297,"Bear Lake, ID"
84.06010297,"Mclean, ND"
84.00714061,"Jones, GA"
83.94679065,"Dickenson, VA"
83.54218881,"Potter, SD"
83.51893096,"Crook, WY"
83.46911357,"Medina, OH"
83.46471297,"Union, GA"
83.45852112,"Crosby, TX"
83.33333333,"Madison, VA"
83.29947176,"Bristol, RI"
83.19467554,"Carson, TX"
83.18506366,"Madison, OH"
83.12495316,"Rankin, MS"
83.01657390000003,"Douglas, CO"
82.99796365,"Tompkins, NY"
82.99666793,"Portage, OH"
82.80430582,"Nance, NE"
82.75405495,"Ottawa, KS"
82.44023083,"Teton, MT"
82.33356857,"Rush, IN"
82.03445447,"Sterling, TX"
81.98001249,"Winona, MN"
81.88976378,"San Juan, WA"
81.83671344,"Fauquier, VA"
81.52173913,"Pepin, WI"
81.51197812,"Madison, NY"
81.46165484,"Cleveland, AR"
81.45341219,"Sanpete, UT"
81.24943577,"Becker, MN"
81.03727715,"Kimball, NE"
80.93644677,"Middlesex, CT"
80.70458613,"Harlan, KY"
80.57657012,"Curry, OR"
80.52250157,"Pike, AR"
80.34709947,"Pike, MO"
80.25222127,"Andrew, MO"
80.23535705,"Rappahannock, VA"
80.12178511,"Blackford, IN"
80.10680908,"Madison, ID"
80.09014798,"Warren, NJ"
80.02259462,"Fulton, OH"
79.98363126,"Chisago, MN"
79.93605116,"Glasscock, TX"
79.78617306,"Lamoille, VT"
79.75779097,"Fairfax, VA"
79.69859441,"Price, WI"
79.50389569,"Yates, NY"
79.42440665,"Crawford, OH"
79.41802471,"Elk, PA"
79.23930269,"Harding, SD"
79.20343969,"Clearwater, MN"
78.8736838,"Gillespie, TX"
78.83770695,"Hancock, GA"
78.77116975,"Clayton, IA"
78.74015748,"Martin, IN"
78.51189757,"Lawrence, IL"
78.49293564,"Ralls, MO"
78.43861025,"Fayette, GA"
78.41452816,"Clermont, OH"
78.40940913,"Bosque, TX"
78.38910391,"Polk, NC"
78.14535035,"San Miguel, CO"
78.08617875,"Newton, IN"
77.79679477,"Franklin, ID"
77.70870337,"Stone, MS"
77.51937985,"Greeley, KS"
77.47933884,"Cottonwood, MN"
77.31958763,"Roseau, MN"
77.304192,"Van Wert, OH"
77.20020587,"Meade, SD"
77.08614377,"Thayer, NE"
77.07129094,"Rooks, KS"
76.97183736,"Dodge, WI"
76.70392286,"Forest, WI"
76.57945118,"Hancock, ME"
75.93014427,"Hancock, WV"
75.89302942,"Rockingham, VA"
75.85335019,"Knox, ME"
75.80064431,"Winnebago, IA"
75.49543882,"Knox, KY"
75.45229922,"Cumberland, PA"
75.14366496,"Delaware, OH"
74.93844342,"Beaverhead, MT"
74.8876685,"Sutton, TX"
74.86631016,"Montmorency, MI"
74.85730327,"Guthrie, IA"
74.85029940000003,"Buena Vista City, VA"
74.75910954,"Monroe, MS"
74.61851285,"Clay, IN"
74.59260959,"Benzie, MI"
74.42552796,"Emery, UT"
74.22802850000002,"Bottineau, ND"
74.22068283,"Wahkiakum, WA"
74.12898443,"Custer, NE"
74.04948548,"Harrison, IN"
73.98501803,"Goochland, VA"
73.35322021,"Fulton, IN"
73.27399045,"Scotts Bluff, NE"
73.17965606,"Pope, MN"
73.01046483,"Morrison, MN"
72.93946025,"Tallahatchie, MS"
72.79590186,"Green, WI"
72.54086469,"Wayne, KY"
72.34145165,"Daviess, MO"
72.26638501,"Mccreary, KY"
72.12938099,"Wayne, OH"
71.76175099,"Lancaster, VA"
71.69486665,"Door, WI"
71.55635063,"Green, KY"
71.39090871,"Utah, UT"
71.36128793,"Morrow, OH"
71.32190697,"Union, PA"
71.20478496,"O'Brien, IA"
71.03281716,"Nicholas, KY"
70.75834487,"Platte, NE"
70.31524669,"Murray, MN"
70.28476342,"Morris, NJ"
69.98416148,"Lewis, NY"
69.85191394,"Weston, WY"
69.80990227,"Clatsop, OR"
69.77149834,"Hocking, OH"
69.63788301,"Hitchcock, NE"
69.44444444,"Deuel, SD"
69.06758757,"Knox, OH"
69.01311249,"Yellow Medicine, MN"
69.00835001,"Iroquois, IL"
68.95872328,"Yuma, CO"
68.87052342,"Lee, KY"
68.83891693,"Schuyler, MO"
68.66053765,"St. Croix, WI"
68.6369509,"Juniata, PA"
68.54657622,"Dekalb, IN"
68.5043223,"Washington, OH"
68.46970216,"Perkins, NE"
68.42825561,"Lagrange, IN"
68.34476135,"Saratoga, NY"
68.25162098,"Davis, IA"
68.23318692,"Johnson, KY"
68.10829218,"Audubon, IA"
67.98096533,"Nuckolls, NE"
67.72018183,"Washington, MN"
67.60868095,"Trempealeau, WI"
67.60362925,"Adams, OH"
67.31181104,"Ascension, LA"
67.22237161,"Moultrie, IL"
67.10283509,"Hamlin, SD"
66.92544505,"Pendleton, WV"
66.91648822,"Adair, IA"
66.87969087,"Jefferson, ID"
66.87209775,"Litchfield, CT"
66.85118805,"Somerset, NJ"
66.5676686,"Tishomingo, MS"
66.36434023,"Woods, OK"
66.25258799,"Houghton, MI"
65.9842015,"Ashland, OH"
65.89351608,"Marquette, WI"
65.75102279,"Osage, MO"
65.70040615,"Grundy, IL"
65.68144499,"Clay, GA"
65.68079135,"Tioga, NY"
65.67164179,"Hot Spring, AR"
65.66538596,"Hancock, IN"
65.44250683,"Fluvanna, VA"
65.11829824,"Holmes, MS"
65.04621705,"Meade, KY"
65.04367218,"Middlesex, VA"
64.96670456,"Grundy, IA"
64.92979466,"Chickasaw, IA"
64.77247460000001,"Miami, OH"
64.72169670000001,"Carroll, IN"
64.08101521,"Matanuska-Susitna, AK"
64.01229036,"Harrison, OH"
63.75653504,"Rowan, KY"
63.48198699,"Moore, TN"
63.45401347,"Pike, OH"
63.27630654,"Lee, MS"
63.22444679,"Hickman, KY"
63.04973924,"Wright, MN"
62.78646324,"Carver, MN"
62.68118781,"Tattnall, GA"
62.5,"Throckmorton, TX"
62.23937263,"Casey, KY"
62.07271862,"Windham, CT"
62.02031165,"Amite, MS"
62.00396825,"Newton, AR"
61.95786865,"Antelope, NE"
61.95362111,"Waukesha, WI"
61.81164307,"Pike, GA"
61.37721017,"Dubois, IN"
60.98575151,"Washington, RI"
60.96321886,"Scotland, MO"
60.90133983,"De Witt, IL"
60.84575601,"Burt, NE"
60.28286575,"Mcduffie, GA"
60.27727547,"Hudspeth, TX"
60.07810153,"Webster, MS"
59.89980396,"Lincoln, WY"
59.88023952,"Breckinridge, KY"
59.79723302,"Addison, VT"
59.66587112,"Schoharie, NY"
59.59475566,"Treutlen, GA"
59.14826498,"Ringgold, IA"
59.11912504,"Garrard, KY"
59.10165485,"Lewis, MO"
59.08070424,"Washakie, WY"
59.04581956,"Custer, SD"
58.9188393,"Cumberland, KY"
58.91710364,"Brunswick, VA"
58.86062645,"Noble, IN"
58.79301401,"Orange, VT"
58.73715125,"Hanson, SD"
58.56440812,"Woodford, IL"
58.51375073,"Mccone, MT"
58.47953216,"Jackson, MN"
58.39416058,"Teton, ID"
58.32037325,"Johnson, NE"
58.13277526,"Parke, IN"
58.01993776,"Green Lake, WI"
57.98221879,"Juab, UT"
57.95981453,"Floyd, VA"
57.75005775,"Somervell, TX"
57.53739931,"Sussex, NJ"
57.12164053,"Sagadahoc, ME"
57.06008866,"Hancock, MS"
56.88821466,"Hardin, OH"
56.8618184,"Columbia, GA"
56.76084763,"Lawrence, KY"
56.69898509,"Spencer, KY"
56.33168094,"Russell, KY"
56.02689291,"Powell, KY"
55.97537084,"Harney, OR"
55.85392052,"Bedford, VA"
55.51257596,"Sarpy, NE"
55.43621371,"Harrison, IA"
55.32312161,"Copiah, MS"
55.29881108,"Tillamook, OR"
55.15719801,"Lafayette, AR"
55.01811013,"Anderson, KY"
54.83583522,"Jackson, WV"
54.51713396,"Dekalb, MO"
54.47117567,"Grant, LA"
54.40696409,"Coshocton, OH"
54.38723713,"Ransom, ND"
54.33798225,"Tippah, MS"
54.10387945,"Dearborn, IN"
54.08328826,"Hancock, IA"
54.02485143,"Chaffee, CO"
54.02485143,"Crittenden, KY"
53.9894778,"Ozaukee, WI"
53.92912173,"Waldo, ME"
53.36179296,"Oliver, ND"
53.08043455,"Powhatan, VA"
53.07855626,"Edwards, TX"
53.05978069,"Mccook, SD"
53.02539327,"Taylor, WV"
52.87190579,"Marinette, WI"
52.79577634,"Fillmore, MN"
52.72019183,"Lamar, MS"
52.69536808,"Knox, IN"
52.65833818,"Pearl River, MS"
52.5188866,"Grant, KY"
52.44963643,"Clinton, OH"
52.17733451,"Cache, UT"
52.0895941,"Plymouth, IA"
51.99802408,"Cass, IN"
51.93725979,"Paulding, OH"
51.85930875,"Greene, IN"
51.83056118,"Sullivan, IN"
51.8157088,"George, MS"
51.62622612,"Deuel, NE"
51.4907807,"Mercer, OH"
51.36106831,"Gilliam, OR"
51.30836326,"Armstrong, TX"
51.30616957,"Leake, MS"
51.25576627,"Lewis, ID"
51.12474438,"Stewart, GA"
51.02040816,"Steele, ND"
50.9035378,"Lake Of The Woods, MN"
50.70993915,"Gosper, NE"
50.5856259,"Benton, IA"
50.52631579,"Washington, KY"
50.44475459,"Broomfield, CO"
50.42137866,"York, NE"
49.77246871,"Larue, KY"
49.73301225,"Isanti, MN"
49.65879601,"Pittsylvania, VA"
49.45761482,"Vernon, WI"
49.28536225,"Dolores, CO"
49.24086992,"Lincoln, KY"
49.23076923,"Richardson, NE"
49.17629702,"Knox, MO"
48.55835635,"Tuscarawas, OH"
48.48805431,"Dawson, GA"
48.40739665,"Keokuk, IA"
48.10930434,"Muhlenberg, KY"
48.10467577,"Oldham, KY"
48.00768123,"Lamoure, ND"
48.0,"Williams, OH"
47.79060363,"Carter, KY"
47.53416518,"Warren, IN"
47.52851711,"Bracken, KY"
47.43355709,"Belmont, OH"
47.07654646,"Crawford, IN"
46.94835681,"Carroll, IL"
46.81373983,"Seward, NE"
46.64179104,"Jefferson, OK"
46.61570017,"Amherst, VA"
46.55111038,"Greenup, KY"
46.39510068,"Lake, MN"
46.34896558,"Elbert, CO"
46.33204633,"Magoffin, KY"
46.32846884,"Menominee, WI"
46.2962963,"Marion, GA"
46.28677227,"Llano, TX"
46.01697515,"Perry, IN"
45.91895305,"Cedar, NE"
45.85709782,"Morgan, IN"
45.82351401,"Kingfisher, OK"
45.63605248,"Platte, WY"
45.61238303,"Jefferson, OH"
45.57885141,"Stanton, KS"
45.37205082,"Trimble, KY"
45.32728969,"Putnam, IN"
45.21000045,"Shelby, IL"
45.14672686,"Highland, VA"
44.93372276,"Pierce, ND"
44.92497529,"Jasper, IN"
44.78547756,"Monroe, IL"
44.71372041,"Shelby, IN"
44.41483455,"Kittson, MN"
44.16961131,"Grant, OK"
44.00375499,"Putnam, OH"
43.91743522,"Culberson, TX"
43.9056982,"Ogle, IL"
43.89173372,"Kewaunee, WI"
43.65795448,"Steuben, IN"
43.62367311,"Benson, ND"
43.45936549,"Lewis, KY"
43.36513443,"Burke, ND"
43.32755633,"Bath, VA"
43.14994606,"Le Sueur, MN"
43.07327841,"Hart, KY"
42.97173415,"Spencer, IN"
42.93688278,"Grand Isle, VT"
42.86326618,"Miner, SD"
42.81869342,"Henry, IN"
42.42081448,"Woodruff, AR"
42.12299916,"Mclean, KY"
42.04961855,"Whitley, IN"
41.98740378,"Hutchinson, SD"
41.97173903,"Wabasha, MN"
41.91114837,"Faulk, SD"
41.69396629,"Evangeline, LA"
41.60835193,"Wasatch, UT"
41.59733777,"Eddy, ND"
41.47656574,"Lake, SD"
41.31377815,"Floyd, KY"
41.28575641,"Dickinson, IA"
41.14606854,"Putnam, NY"
40.91987888,"Marion, KS"
40.74979625,"Morrill, NE"
40.74979625,"Tensas, LA"
40.56301464,"Wood, WI"
40.46125835,"Union, SD"
40.22526146,"Washington, ID"
40.15142824,"Crawford, IA"
40.09444469,"Wyandot, OH"
39.9920016,"Carlisle, KY"
39.63535474,"Kiowa, KS"
39.59350666,"Pleasants, WV"
39.56217856,"Renville, MN"
39.387524,"Allen, KY"
39.34613871,"Seneca, OH"
39.28244075,"Elliott, KY"
39.23722828,"Posey, IN"
39.19860627,"Auglaize, OH"
38.85758694,"Kemper, MS"
38.83997929,"Madison, IA"
38.83872221,"Carroll, IA"
38.46153846,"Cook, MN"
38.34355828,"Renville, ND"
38.31711242,"Dickinson, MI"
38.19344982,"Clay, TX"
38.13882532,"Buchanan, IA"
38.13155386,"Jim Hogg, TX"
38.13155386,"Lincoln, NV"
38.10491553,"Letcher, KY"
38.09040122,"Otoe, NE"
37.86683496,"Pike, KY"
37.449677,"Monroe, KY"
37.3517602,"Mitchell, IA"
36.856848,"Clay, IL"
36.82962991,"Columbiana, OH"
36.77822729,"Webster, GA"
36.43564356,"Hunterdon, NJ"
36.40334911,"Wayne, UT"
36.38348189999999,"Clay, IA"
36.24501631,"Conejos, CO"
36.18099008,"Geauga, OH"
36.09239654,"Butler, NE"
35.94320973,"Rockcastle, KY"
35.8037952,"Dewey, SD"
35.7867112,"Lafayette, WI"
35.67252621,"Tolland, CT"
35.53028957,"Washington, KS"
35.49875754,"Lyon, KY"
35.2858151,"Ziebach, SD"
34.99195185,"Grand, CO"
34.85686898,"Franklin, IN"
34.72394464,"Boone, IN"
34.61405331,"Washington, NE"
34.53436169,"Hancock, KY"
34.47681434,"Putnam, IL"
34.46374414,"Fleming, KY"
34.38789546,"Stevens, KS"
33.9640951,"Taylor, WI"
33.96244724,"Jones, IA"
33.95585739,"Edwards, KS"
33.7723742,"Mchenry, ND"
33.70487339,"Hamilton, IN"
33.62474781,"Humphreys, MS"
33.44641407,"Saunders, NE"
33.25573661,"Montgomery, GA"
33.22889965,"Uinta, WY"
32.77613897,"Appomattox, VA"
32.75926619,"Vilas, WI"
32.43462396,"Upshur, WV"
32.41491086,"Franklin, NE"
31.87759005,"Wayne, NE"
31.83023873,"Marshall, MN"
31.62180323,"Salem City, VA"
31.58943455,"Ottawa, OH"
31.49275667,"Howard, IA"
31.19151591,"Schleicher, TX"
30.96614368,"Humboldt, IA"
30.56598006,"Huron, OH"
30.55810206,"Perry, OH"
30.33244358,"Brookings, SD"
30.22365505,"Calhoun, IA"
29.73535534,"Webster, KY"
29.65599051,"Upton, TX"
29.65599051,"Cameron, LA"
29.62962963,"Shackelford, TX"
29.36857562,"Jones, NC"
29.35133549,"Wallowa, OR"
28.71088142,"Holt, NE"
28.62049227,"Bond, IL"
28.57959417,"Winneshiek, IA"
28.50085503,"Switzerland, IN"
28.46164793,"Lac Qui Parle, MN"
28.26136107,"Randolph, AR"
28.22148219,"Richland, WI"
27.97202797,"Pierce, NE"
27.77006387,"Reagan, TX"
27.60905577,"Estill, KY"
27.59381898,"Wolfe, KY"
27.42543709,"Monroe, OH"
27.11496746,"Webster, NE"
27.06359946,"Mercer, MO"
26.98327037,"Smith, KS"
26.12330199,"Adams, ID"
25.89834898,"Henry, KY"
25.3322421,"Lafayette, MS"
25.16718199,"Wells, IN"
24.76780186,"Pike, IL"
24.38749859,"Union, OH"
24.25712553,"Traill, ND"
24.2248062,"Mason, TX"
23.72479241,"Corson, SD"
23.69668246,"Fountain, IN"
23.68545713,"Brown, MN"
23.5349494,"Custer, ID"
23.41280681,"Randolph, IN"
23.39181287,"Mineral, MT"
23.39181287,"Oneida, ID"
23.11203559,"Adams, IN"
22.99167701,"Leelanau, MI"
22.95684114,"Phillips, CO"
22.42152466,"Morgan, KY"
22.34304014,"Jackson, KY"
22.23210316,"Cuming, NE"
21.94426158,"Ouray, CO"
21.88423241,"Greene, IA"
21.61850544,"Union, MS"
21.57497303,"Pipestone, MN"
21.486893,"Owsley, KY"
21.43737607,"Oconto, WI"
21.06149958,"Greene, MS"
20.95118374,"Hamilton, NY"
20.37905034,"Mills, TX"
20.2757502,"East Feliciana, LA"
20.0340579,"Metcalfe, KY"
19.71220185,"Clinton, KY"
19.65988401,"Morgan, UT"
19.05487805,"Dickey, ND"
18.86703457,"Owen, IN"
18.77816725,"Knott, KY"
18.75820672,"Owen, KY"
18.35157021,"Holmes, OH"
18.28320687,"Alleghany, NC"
18.15046737,"Leslie, KY"
18.07337791,"Brown, OH"
16.486687,"Perry, MS"
16.30523398,"Stanton, NE"
16.25487646,"Cotton, OK"
16.23113131,"Taylor, IA"
15.90330789,"Menifee, KY"
15.86420243,"Menard, IL"
15.62011871,"Wayne, IA"
14.97342218,"Buffalo, WI"
14.84780995,"Bland, VA"
14.76559616,"Breathitt, KY"
13.94700139,"Lexington City, VA"
13.88696014,"Presidio, TX"
13.73060552,"Grant, OR"
13.71553971,"Rolette, ND"
13.31292019,"Brown, IN"
13.048016699999998,"Mitchell, NC"
12.36170344,"Wabash, IN"
12.29105211,"Decatur, IA"
12.19735317,"Crawford, WI"
11.67542323,"Knox, NE"
11.16944041,"Richmond, VA"
10.74691026,"Hickory, MO"
10.74229241,"Hancock, IL"
9.242713661,"Jefferson, IN"
8.360504975,"Shelby, IA"
8.360504975,"Bath, KY"
7.413310599,"Boone, IL"
7.072135785,"Newton, TX"
6.242976651,"Baker, OR"
6.071645416,"Jasper, MS"
4.190939189,"Fayette, IN"
0.0,"Haakon, SD"
0.0,"Day, SD"
0.0,"Yukon-Koyukuk Census Area, AK"
0.0,"Bowman, ND"
0.0,"Grant, NE"
0.0,"Sibley, MN"
0.0,"Boyd, NE"
0.0,"Graham, NC"
0.0,"Sioux, ND"
0.0,"Robertson, KY"
0.0,"Liberty, MT"
0.0,"Quitman, MS"
0.0,"Wade Hampton Census Area, AK"
0.0,"Hyde, NC"
0.0,"Douglas, SD"
0.0,"Thomas, NE"
0.0,"Valley, NE"
0.0,"Petroleum, MT"
0.0,"Kingsbury, SD"
0.0,"Hyde, SD"
0.0,"Perry, AL"
0.0,"Shannon, SD"
0.0,"Jones, SD"
0.0,"Grant, SD"
0.0,"Yakutat City And, AK"
0.0,"Lyman, SD"
0.0,"Sioux, NE"
0.0,"Smith, MS"
0.0,"Collingsworth, TX"
0.0,"Aleutians East, AK"
0.0,"Lake And Peninsula, AK"
0.0,"Gregory, SD"
0.0,"Clarke, MS"
0.0,"Norman, MN"
0.0,"Noble, OH"
0.0,"Buffalo, SD"
0.0,"Calhoun, MS"
0.0,"Harlan, NE"
0.0,"Greeley, NE"
0.0,"Benton, MS"
0.0,"Treasure, MT"
0.0,"Gates, NC"
0.0,"Garfield, NE"
0.0,"Mora, NM"
0.0,"Loup, NE"
0.0,"Kalawao, HI"
0.0,"Garfield, UT"
0.0,"Fremont, IA"
0.0,"Jackson, LA"
0.0,"Alcorn, MS"
0.0,"Harding, NM"
0.0,"Frontier, NE"
0.0,"Dundy, NE"
0.0,"Arthur, NE"
0.0,"Blaine, NE"
0.0,"Colfax, NE"
0.0,"Jewell, KS"
0.0,"Carroll, MS"
0.0,"Hayes, NE"
0.0,"Keya Paha, NE"
0.0,"Boone, NE"
0.0,"Gallatin, IL"
0.0,"Powder River, MT"
0.0,"King, TX"
0.0,"Wayne, MS"
0.0,"Sharkey, MS"
0.0,"Wilkinson, MS"
0.0,"Glascock, GA"
0.0,"Logan, NE"
0.0,"Clay, NE"
0.0,"Issaquena, MS"
0.0,"Howard, NE"
0.0,"Yalobusha, MS"
0.0,"Hooker, NE"
0.0,"Jenkins, GA"
0.0,"Mcpherson, NE"
0.0,"Calhoun, IL"
0.0,"Pope, IL"
0.0,"Southeast Fairbanks Census Area, AK"
0.0,"Lincoln, KS"
0.0,"Sanborn, SD"
0.0,"Montgomery, AR"
0.0,"Emmons, ND"
0.0,"Harper, OK"
0.0,"Cavalier, ND"
0.0,"Daggett, UT"
0.0,"Motley, TX"
0.0,"Piute, UT"
0.0,"Fallon, MT"
0.0,"Sherman, NE"
0.0,"Pawnee, NE"
0.0,"Chattahoochee, GA"
0.0,"Coke, TX"
0.0,"Kidder, ND"
0.0,"Logan, ND"
0.0,"Sargent, ND"
0.0,"Billings, ND"
0.0,"Aurora, SD"
0.0,"Divide, ND"
0.0,"Scott, IL"
0.0,"Elk, KS"
0.0,"Putnam, MO"
0.0,"Granite, MT"
0.0,"Hardeman, TX"
0.0,"Toole, MT"
0.0,"Noxubee, MS"
0.0,"Merrick, NE"
0.0,"Prentiss, MS"
0.0,"Garza, TX"
0.0,"Big Stone, MN"
0.0,"Covington, MS"
0.0,"Sheridan, ND"
0.0,"Jefferson, NE"
0.0,"Essex, VT"
0.0,"Echols, GA"
0.0,"Gentry, MO"
0.0,"Hamilton, IL"
0.0,"Polk, NE"
0.0,"Brown, NE"
0.0,"Butler, IA"
0.0,"Clark, SD"
0.0,"Crockett, TX"
0.0,"Lipscomb, TX"
0.0,"Mcpherson, SD"
0.0,"Red Lake, MN"
0.0,"Wheeler, NE"
0.0,"Slope, ND"
0.0,"Bon Homme, SD"
0.0,"Loving, TX"
0.0,"Carter, MT"
0.0,"Banner, NE"
0.0,"Fillmore, NE"
0.0,"Garfield, MT"
0.0,"Sully, SD"
0.0,"Mineral, CO"
0.0,"Edmunds, SD"
0.0,"Garden, NE"
0.0,"Thurston, NE"
0.0,"Union, IN"
0.0,"Todd, SD"
0.0,"Kinney, TX"
0.0,"Furnas, NE"
0.0,"Wibaux, MT"
0.0,"Mcintosh, ND"
0.0,"Adams, ND"
0.0,"Osceola, IA"
0.0,"Sherman, TX"
0.0,"Perkins, SD"
0.0,"Hinsdale, CO"
0.0,"Campbell, SD"
0.0,"Golden Valley, ND"
0.0,"Clark, ID"
0.0,"Briscoe, TX"
0.0,"Foster, ND"
0.0,"Box Butte, NE"
0.0,"Cottle, TX"
0.0,"Ohio, IN"
0.0,"Newton, MS"
0.0,"Jerauld, SD"
0.0,"Cimarron, OK"
0.0,"Lawrence, MS"
